product_id,product_name,category,unit_price
PRD001,Smart LED Bulb,Electronics,1299.00
PRD002,NoiseFit Pulse Watch,Electronics,2499.00
PRD003,Galaxy M55 Phone,Electronics,45999.00
PRD004,Organic Basmati Rice,Grocery,799.00
PRD005,Yoga Mat Pro,Sports,1499.00
PRD006,Mixer Grinder 750W,Home Appliances,8999.00
PRD007,Cotton Kurta,Apparel,1599.00
PRD008,Dark Chocolate Pack,Grocery,699.00
PRD009,UltraBook Air Laptop,Electronics,54999.00
PRD010,Bluetooth Speaker,Electronics,2999.00
PRD011,Health Supplements Alpha 011,Health,606.00
PRD012,Automotive Bike Care Prime 012,Automotive,813.00
PRD013,Stationery Art Supplies Nova 013,Stationery,172.00
PRD014,Pet Care Pet Health Max 014,Pet Care,415.00
PRD015,Garden Irrigation Lite 015,Garden,294.00
PRD016,Electronics Mobiles Pro 016,Electronics,3191.00
PRD017,Grocery Snacks Edge 017,Grocery,440.00
PRD018,Apparel Formal Wear Plus 018,Apparel,1137.00
PRD019,Home Appliances Laundry Core 019,Home Appliances,5166.00
PRD020,Sports Cycling Flex 020,Sports,1639.00
PRD021,Beauty Skin Care Alpha 021,Beauty,750.00
PRD022,Books Education Prime 022,Books,523.00
PRD023,Toys Board Games Nova 023,Toys,866.00
PRD024,Footwear Formal Shoes Max 024,Footwear,1771.00
PRD025,Furniture Dining Lite 025,Furniture,7274.00
PRD026,Health Supplements Pro 026,Health,1161.00
PRD027,Automotive Bike Care Edge 027,Automotive,1518.00
PRD028,Stationery Art Supplies Plus 028,Stationery,337.00
PRD029,Pet Care Pet Health Core 029,Pet Care,700.00
PRD030,Garden Irrigation Flex 030,Garden,489.00
PRD031,Electronics Mobiles Alpha 031,Electronics,5246.00
PRD032,Grocery Snacks Prime 032,Grocery,785.00
PRD033,Apparel Formal Wear Nova 033,Apparel,1752.00
PRD034,Home Appliances Laundry Max 034,Home Appliances,8061.00
PRD035,Sports Cycling Lite 035,Sports,2644.00
PRD036,Beauty Skin Care Pro 036,Beauty,1215.00
PRD037,Books Education Edge 037,Books,778.00
PRD038,Toys Board Games Plus 038,Toys,1301.00
PRD039,Footwear Formal Shoes Core 039,Footwear,2566.00
PRD040,Furniture Dining Flex 040,Furniture,10439.00
PRD041,Health Supplements Alpha 041,Health,1716.00
PRD042,Automotive Bike Care Prime 042,Automotive,2223.00
PRD043,Stationery Art Supplies Nova 043,Stationery,502.00
PRD044,Pet Care Pet Health Max 044,Pet Care,985.00
PRD045,Garden Irrigation Lite 045,Garden,684.00
PRD046,Electronics Mobiles Pro 046,Electronics,7301.00
PRD047,Grocery Snacks Edge 047,Grocery,1130.00
PRD048,Apparel Formal Wear Plus 048,Apparel,2367.00
PRD049,Home Appliances Laundry Core 049,Home Appliances,10956.00
PRD050,Sports Cycling Flex 050,Sports,3649.00
PRD051,Beauty Skin Care Alpha 051,Beauty,1680.00
PRD052,Books Education Prime 052,Books,1033.00
PRD053,Toys Board Games Nova 053,Toys,1736.00
PRD054,Footwear Formal Shoes Max 054,Footwear,3361.00
PRD055,Furniture Dining Lite 055,Furniture,13604.00
PRD056,Health Supplements Pro 056,Health,2271.00
PRD057,Automotive Bike Care Edge 057,Automotive,2928.00
PRD058,Stationery Art Supplies Plus 058,Stationery,667.00
PRD059,Pet Care Pet Health Core 059,Pet Care,1270.00
PRD060,Garden Irrigation Flex 060,Garden,879.00
PRD061,Electronics Mobiles Alpha 061,Electronics,9356.00
PRD062,Grocery Snacks Prime 062,Grocery,1475.00
PRD063,Apparel Formal Wear Nova 063,Apparel,2982.00
PRD064,Home Appliances Laundry Max 064,Home Appliances,13851.00
PRD065,Sports Cycling Lite 065,Sports,4654.00
PRD066,Beauty Skin Care Pro 066,Beauty,2145.00
PRD067,Books Education Edge 067,Books,1288.00
PRD068,Toys Board Games Plus 068,Toys,2171.00
PRD069,Footwear Formal Shoes Core 069,Footwear,4156.00
PRD070,Furniture Dining Flex 070,Furniture,16769.00
PRD071,Health Supplements Alpha 071,Health,2826.00
PRD072,Automotive Bike Care Prime 072,Automotive,3633.00
PRD073,Stationery Art Supplies Nova 073,Stationery,832.00
PRD074,Pet Care Pet Health Max 074,Pet Care,1555.00
PRD075,Garden Irrigation Lite 075,Garden,1074.00
PRD076,Electronics Mobiles Pro 076,Electronics,11411.00
PRD077,Grocery Snacks Edge 077,Grocery,1820.00
PRD078,Apparel Formal Wear Plus 078,Apparel,3597.00
PRD079,Home Appliances Laundry Core 079,Home Appliances,16746.00
PRD080,Sports Cycling Flex 080,Sports,5659.00
PRD081,Beauty Skin Care Alpha 081,Beauty,110.00
PRD082,Books Education Prime 082,Books,1543.00
PRD083,Toys Board Games Nova 083,Toys,2606.00
PRD084,Footwear Formal Shoes Max 084,Footwear,4951.00
PRD085,Furniture Dining Lite 085,Furniture,19934.00
PRD086,Health Supplements Pro 086,Health,3381.00
PRD087,Automotive Bike Care Edge 087,Automotive,4338.00
PRD088,Stationery Art Supplies Plus 088,Stationery,997.00
PRD089,Pet Care Pet Health Core 089,Pet Care,1840.00
PRD090,Garden Irrigation Flex 090,Garden,1269.00
PRD091,Electronics Mobiles Alpha 091,Electronics,13466.00
PRD092,Grocery Snacks Prime 092,Grocery,365.00
PRD093,Apparel Formal Wear Nova 093,Apparel,4212.00
PRD094,Home Appliances Laundry Max 094,Home Appliances,19641.00
PRD095,Sports Cycling Lite 095,Sports,6664.00
PRD096,Beauty Skin Care Pro 096,Beauty,575.00
PRD097,Books Education Edge 097,Books,1798.00
PRD098,Toys Board Games Plus 098,Toys,3041.00
PRD099,Footwear Formal Shoes Core 099,Footwear,5746.00
PRD100,Furniture Dining Flex 100,Furniture,23099.00
PRD101,Health Supplements Alpha 101,Health,3936.00
PRD102,Automotive Bike Care Prime 102,Automotive,5043.00
PRD103,Stationery Art Supplies Nova 103,Stationery,1162.00
PRD104,Pet Care Pet Health Max 104,Pet Care,2125.00
PRD105,Garden Irrigation Lite 105,Garden,1464.00
PRD106,Electronics Mobiles Pro 106,Electronics,15521.00
PRD107,Grocery Snacks Edge 107,Grocery,710.00
PRD108,Apparel Formal Wear Plus 108,Apparel,4827.00
PRD109,Home Appliances Laundry Core 109,Home Appliances,22536.00
PRD110,Sports Cycling Flex 110,Sports,7669.00
PRD111,Beauty Skin Care Alpha 111,Beauty,1040.00
PRD112,Books Education Prime 112,Books,253.00
PRD113,Toys Board Games Nova 113,Toys,3476.00
PRD114,Footwear Formal Shoes Max 114,Footwear,6541.00
PRD115,Furniture Dining Lite 115,Furniture,26264.00
PRD116,Health Supplements Pro 116,Health,4491.00
PRD117,Automotive Bike Care Edge 117,Automotive,5748.00
PRD118,Stationery Art Supplies Plus 118,Stationery,127.00
PRD119,Pet Care Pet Health Core 119,Pet Care,2410.00
PRD120,Garden Irrigation Flex 120,Garden,1659.00
PRD121,Electronics Mobiles Alpha 121,Electronics,17576.00
PRD122,Grocery Snacks Prime 122,Grocery,1055.00
PRD123,Apparel Formal Wear Nova 123,Apparel,942.00
PRD124,Home Appliances Laundry Max 124,Home Appliances,25431.00
PRD125,Sports Cycling Lite 125,Sports,8674.00
PRD126,Beauty Skin Care Pro 126,Beauty,1505.00
PRD127,Books Education Edge 127,Books,508.00
PRD128,Toys Board Games Plus 128,Toys,411.00
PRD129,Footwear Formal Shoes Core 129,Footwear,836.00
PRD130,Furniture Dining Flex 130,Furniture,29429.00
PRD131,Health Supplements Alpha 131,Health,5046.00
PRD132,Automotive Bike Care Prime 132,Automotive,6453.00
PRD133,Stationery Art Supplies Nova 133,Stationery,292.00
PRD134,Pet Care Pet Health Max 134,Pet Care,2695.00
PRD135,Garden Irrigation Lite 135,Garden,1854.00
PRD136,Electronics Mobiles Pro 136,Electronics,19631.00
PRD137,Grocery Snacks Edge 137,Grocery,1400.00
PRD138,Apparel Formal Wear Plus 138,Apparel,1557.00
PRD139,Home Appliances Laundry Core 139,Home Appliances,28326.00
PRD140,Sports Cycling Flex 140,Sports,1179.00
PRD141,Beauty Skin Care Alpha 141,Beauty,1970.00
PRD142,Books Education Prime 142,Books,763.00
PRD143,Toys Board Games Nova 143,Toys,846.00
PRD144,Footwear Formal Shoes Max 144,Footwear,1631.00
PRD145,Furniture Dining Lite 145,Furniture,32594.00
PRD146,Health Supplements Pro 146,Health,601.00
PRD147,Automotive Bike Care Edge 147,Automotive,7158.00
PRD148,Stationery Art Supplies Plus 148,Stationery,457.00
PRD149,Pet Care Pet Health Core 149,Pet Care,2980.00
PRD150,Garden Irrigation Flex 150,Garden,2049.00
PRD151,Electronics Mobiles Alpha 151,Electronics,21686.00
PRD152,Grocery Snacks Prime 152,Grocery,1745.00
PRD153,Apparel Formal Wear Nova 153,Apparel,2172.00
PRD154,Home Appliances Laundry Max 154,Home Appliances,31221.00
PRD155,Sports Cycling Lite 155,Sports,2184.00
PRD156,Beauty Skin Care Pro 156,Beauty,2435.00
PRD157,Books Education Edge 157,Books,1018.00
PRD158,Toys Board Games Plus 158,Toys,1281.00
PRD159,Footwear Formal Shoes Core 159,Footwear,2426.00
PRD160,Furniture Dining Flex 160,Furniture,35759.00
PRD161,Health Supplements Alpha 161,Health,1156.00
PRD162,Automotive Bike Care Prime 162,Automotive,363.00
PRD163,Stationery Art Supplies Nova 163,Stationery,622.00
PRD164,Pet Care Pet Health Max 164,Pet Care,265.00
PRD165,Garden Irrigation Lite 165,Garden,2244.00
PRD166,Electronics Mobiles Pro 166,Electronics,23741.00
PRD167,Grocery Snacks Edge 167,Grocery,290.00
PRD168,Apparel Formal Wear Plus 168,Apparel,2787.00
PRD169,Home Appliances Laundry Core 169,Home Appliances,34116.00
PRD170,Sports Cycling Flex 170,Sports,3189.00
PRD171,Beauty Skin Care Alpha 171,Beauty,400.00
PRD172,Books Education Prime 172,Books,1273.00
PRD173,Toys Board Games Nova 173,Toys,1716.00
PRD174,Footwear Formal Shoes Max 174,Footwear,3221.00
PRD175,Furniture Dining Lite 175,Furniture,38924.00
PRD176,Health Supplements Pro 176,Health,1711.00
PRD177,Automotive Bike Care Edge 177,Automotive,1068.00
PRD178,Stationery Art Supplies Plus 178,Stationery,787.00
PRD179,Pet Care Pet Health Core 179,Pet Care,550.00
PRD180,Garden Irrigation Flex 180,Garden,2439.00
PRD181,Electronics Mobiles Alpha 181,Electronics,25796.00
PRD182,Grocery Snacks Prime 182,Grocery,635.00
PRD183,Apparel Formal Wear Nova 183,Apparel,3402.00
PRD184,Home Appliances Laundry Max 184,Home Appliances,2011.00
PRD185,Sports Cycling Lite 185,Sports,4194.00
PRD186,Beauty Skin Care Pro 186,Beauty,865.00
PRD187,Books Education Edge 187,Books,1528.00
PRD188,Toys Board Games Plus 188,Toys,2151.00
PRD189,Footwear Formal Shoes Core 189,Footwear,4016.00
PRD190,Furniture Dining Flex 190,Furniture,42089.00
PRD191,Health Supplements Alpha 191,Health,2266.00
PRD192,Automotive Bike Care Prime 192,Automotive,1773.00
PRD193,Stationery Art Supplies Nova 193,Stationery,952.00
PRD194,Pet Care Pet Health Max 194,Pet Care,835.00
PRD195,Garden Irrigation Lite 195,Garden,2634.00
PRD196,Electronics Mobiles Pro 196,Electronics,27851.00
PRD197,Grocery Snacks Edge 197,Grocery,980.00
PRD198,Apparel Formal Wear Plus 198,Apparel,4017.00
PRD199,Home Appliances Laundry Core 199,Home Appliances,4906.00
PRD200,Sports Cycling Flex 200,Sports,5199.00
PRD201,Beauty Skin Care Alpha 201,Beauty,1330.00
PRD202,Books Education Prime 202,Books,1783.00
PRD203,Toys Board Games Nova 203,Toys,2586.00
PRD204,Footwear Formal Shoes Max 204,Footwear,4811.00
PRD205,Furniture Dining Lite 205,Furniture,45254.00
PRD206,Health Supplements Pro 206,Health,2821.00
PRD207,Automotive Bike Care Edge 207,Automotive,2478.00
PRD208,Stationery Art Supplies Plus 208,Stationery,1117.00
PRD209,Pet Care Pet Health Core 209,Pet Care,1120.00
PRD210,Garden Irrigation Flex 210,Garden,2829.00
PRD211,Electronics Mobiles Alpha 211,Electronics,29906.00
PRD212,Grocery Snacks Prime 212,Grocery,1325.00
PRD213,Apparel Formal Wear Nova 213,Apparel,4632.00
PRD214,Home Appliances Laundry Max 214,Home Appliances,7801.00
PRD215,Sports Cycling Lite 215,Sports,6204.00
PRD216,Beauty Skin Care Pro 216,Beauty,1795.00
PRD217,Books Education Edge 217,Books,238.00
PRD218,Toys Board Games Plus 218,Toys,3021.00
PRD219,Footwear Formal Shoes Core 219,Footwear,5606.00
PRD220,Furniture Dining Flex 220,Furniture,3419.00
PRD221,Health Supplements Alpha 221,Health,3376.00
PRD222,Automotive Bike Care Prime 222,Automotive,3183.00
PRD223,Stationery Art Supplies Nova 223,Stationery,82.00
PRD224,Pet Care Pet Health Max 224,Pet Care,1405.00
PRD225,Garden Irrigation Lite 225,Garden,3024.00
PRD226,Electronics Mobiles Pro 226,Electronics,31961.00
PRD227,Grocery Snacks Edge 227,Grocery,1670.00
PRD228,Apparel Formal Wear Plus 228,Apparel,747.00
PRD229,Home Appliances Laundry Core 229,Home Appliances,10696.00
PRD230,Sports Cycling Flex 230,Sports,7209.00
PRD231,Beauty Skin Care Alpha 231,Beauty,2260.00
PRD232,Books Education Prime 232,Books,493.00
PRD233,Toys Board Games Nova 233,Toys,3456.00
PRD234,Footwear Formal Shoes Max 234,Footwear,6401.00
PRD235,Furniture Dining Lite 235,Furniture,6584.00
PRD236,Health Supplements Pro 236,Health,3931.00
PRD237,Automotive Bike Care Edge 237,Automotive,3888.00
PRD238,Stationery Art Supplies Plus 238,Stationery,247.00
PRD239,Pet Care Pet Health Core 239,Pet Care,1690.00
PRD240,Garden Irrigation Flex 240,Garden,3219.00
PRD241,Electronics Mobiles Alpha 241,Electronics,34016.00
PRD242,Grocery Snacks Prime 242,Grocery,215.00
PRD243,Apparel Formal Wear Nova 243,Apparel,1362.00
PRD244,Home Appliances Laundry Max 244,Home Appliances,13591.00
PRD245,Sports Cycling Lite 245,Sports,8214.00
PRD246,Beauty Skin Care Pro 246,Beauty,225.00
PRD247,Books Education Edge 247,Books,748.00
PRD248,Toys Board Games Plus 248,Toys,391.00
PRD249,Footwear Formal Shoes Core 249,Footwear,696.00
PRD250,Furniture Dining Flex 250,Furniture,9749.00
PRD251,Health Supplements Alpha 251,Health,4486.00
PRD252,Automotive Bike Care Prime 252,Automotive,4593.00
PRD253,Stationery Art Supplies Nova 253,Stationery,412.00
PRD254,Pet Care Pet Health Max 254,Pet Care,1975.00
PRD255,Garden Irrigation Lite 255,Garden,3414.00
PRD256,Electronics Mobiles Pro 256,Electronics,36071.00
PRD257,Grocery Snacks Edge 257,Grocery,560.00
PRD258,Apparel Formal Wear Plus 258,Apparel,1977.00
PRD259,Home Appliances Laundry Core 259,Home Appliances,16486.00
PRD260,Sports Cycling Flex 260,Sports,719.00
PRD261,Beauty Skin Care Alpha 261,Beauty,690.00
PRD262,Books Education Prime 262,Books,1003.00
PRD263,Toys Board Games Nova 263,Toys,826.00
PRD264,Footwear Formal Shoes Max 264,Footwear,1491.00
PRD265,Furniture Dining Lite 265,Furniture,12914.00
PRD266,Health Supplements Pro 266,Health,5041.00
PRD267,Automotive Bike Care Edge 267,Automotive,5298.00
PRD268,Stationery Art Supplies Plus 268,Stationery,577.00
PRD269,Pet Care Pet Health Core 269,Pet Care,2260.00
PRD270,Garden Irrigation Flex 270,Garden,3609.00
PRD271,Electronics Mobiles Alpha 271,Electronics,38126.00
PRD272,Grocery Snacks Prime 272,Grocery,905.00
PRD273,Apparel Formal Wear Nova 273,Apparel,2592.00
PRD274,Home Appliances Laundry Max 274,Home Appliances,19381.00
PRD275,Sports Cycling Lite 275,Sports,1724.00
PRD276,Beauty Skin Care Pro 276,Beauty,1155.00
PRD277,Books Education Edge 277,Books,1258.00
PRD278,Toys Board Games Plus 278,Toys,1261.00
PRD279,Footwear Formal Shoes Core 279,Footwear,2286.00
PRD280,Furniture Dining Flex 280,Furniture,16079.00
PRD281,Health Supplements Alpha 281,Health,596.00
PRD282,Automotive Bike Care Prime 282,Automotive,6003.00
PRD283,Stationery Art Supplies Nova 283,Stationery,742.00
PRD284,Pet Care Pet Health Max 284,Pet Care,2545.00
PRD285,Garden Irrigation Lite 285,Garden,3804.00
PRD286,Electronics Mobiles Pro 286,Electronics,40181.00
PRD287,Grocery Snacks Edge 287,Grocery,1250.00
PRD288,Apparel Formal Wear Plus 288,Apparel,3207.00
PRD289,Home Appliances Laundry Core 289,Home Appliances,22276.00
PRD290,Sports Cycling Flex 290,Sports,2729.00
PRD291,Beauty Skin Care Alpha 291,Beauty,1620.00
PRD292,Books Education Prime 292,Books,1513.00
PRD293,Toys Board Games Nova 293,Toys,1696.00
PRD294,Footwear Formal Shoes Max 294,Footwear,3081.00
PRD295,Furniture Dining Lite 295,Furniture,19244.00
PRD296,Health Supplements Pro 296,Health,1151.00
PRD297,Automotive Bike Care Edge 297,Automotive,6708.00
PRD298,Stationery Art Supplies Plus 298,Stationery,907.00
PRD299,Pet Care Pet Health Core 299,Pet Care,2830.00
PRD300,Garden Irrigation Flex 300,Garden,3999.00
PRD301,Electronics Mobiles Alpha 301,Electronics,42236.00
PRD302,Grocery Snacks Prime 302,Grocery,1595.00
PRD303,Apparel Formal Wear Nova 303,Apparel,3822.00
PRD304,Home Appliances Laundry Max 304,Home Appliances,25171.00
PRD305,Sports Cycling Lite 305,Sports,3734.00
PRD306,Beauty Skin Care Pro 306,Beauty,2085.00
PRD307,Books Education Edge 307,Books,1768.00
PRD308,Toys Board Games Plus 308,Toys,2131.00
PRD309,Footwear Formal Shoes Core 309,Footwear,3876.00
PRD310,Furniture Dining Flex 310,Furniture,22409.00
PRD311,Health Supplements Alpha 311,Health,1706.00
PRD312,Automotive Bike Care Prime 312,Automotive,7413.00
PRD313,Stationery Art Supplies Nova 313,Stationery,1072.00
PRD314,Pet Care Pet Health Max 314,Pet Care,3115.00
PRD315,Garden Irrigation Lite 315,Garden,4194.00
PRD316,Electronics Mobiles Pro 316,Electronics,44291.00
PRD317,Grocery Snacks Edge 317,Grocery,140.00
PRD318,Apparel Formal Wear Plus 318,Apparel,4437.00
PRD319,Home Appliances Laundry Core 319,Home Appliances,28066.00
PRD320,Sports Cycling Flex 320,Sports,4739.00
PRD321,Beauty Skin Care Alpha 321,Beauty,2550.00
PRD322,Books Education Prime 322,Books,223.00
PRD323,Toys Board Games Nova 323,Toys,2566.00
PRD324,Footwear Formal Shoes Max 324,Footwear,4671.00
PRD325,Furniture Dining Lite 325,Furniture,25574.00
PRD326,Health Supplements Pro 326,Health,2261.00
PRD327,Automotive Bike Care Edge 327,Automotive,618.00
PRD328,Stationery Art Supplies Plus 328,Stationery,37.00
PRD329,Pet Care Pet Health Core 329,Pet Care,400.00
PRD330,Garden Irrigation Flex 330,Garden,4389.00
PRD331,Electronics Mobiles Alpha 331,Electronics,46346.00
PRD332,Grocery Snacks Prime 332,Grocery,485.00
PRD333,Apparel Formal Wear Nova 333,Apparel,552.00
PRD334,Home Appliances Laundry Max 334,Home Appliances,30961.00
PRD335,Sports Cycling Lite 335,Sports,5744.00
PRD336,Beauty Skin Care Pro 336,Beauty,515.00
PRD337,Books Education Edge 337,Books,478.00
PRD338,Toys Board Games Plus 338,Toys,3001.00
PRD339,Footwear Formal Shoes Core 339,Footwear,5466.00
PRD340,Furniture Dining Flex 340,Furniture,28739.00
PRD341,Health Supplements Alpha 341,Health,2816.00
PRD342,Automotive Bike Care Prime 342,Automotive,1323.00
PRD343,Stationery Art Supplies Nova 343,Stationery,202.00
PRD344,Pet Care Pet Health Max 344,Pet Care,685.00
PRD345,Garden Irrigation Lite 345,Garden,4584.00
PRD346,Electronics Mobiles Pro 346,Electronics,48401.00
PRD347,Grocery Snacks Edge 347,Grocery,830.00
PRD348,Apparel Formal Wear Plus 348,Apparel,1167.00
PRD349,Home Appliances Laundry Core 349,Home Appliances,33856.00
PRD350,Sports Cycling Flex 350,Sports,6749.00
PRD351,Beauty Skin Care Alpha 351,Beauty,980.00
PRD352,Books Education Prime 352,Books,733.00
PRD353,Toys Board Games Nova 353,Toys,3436.00
PRD354,Footwear Formal Shoes Max 354,Footwear,6261.00
PRD355,Furniture Dining Lite 355,Furniture,31904.00
PRD356,Health Supplements Pro 356,Health,3371.00
PRD357,Automotive Bike Care Edge 357,Automotive,2028.00
PRD358,Stationery Art Supplies Plus 358,Stationery,367.00
PRD359,Pet Care Pet Health Core 359,Pet Care,970.00
PRD360,Garden Irrigation Flex 360,Garden,4779.00
PRD361,Electronics Mobiles Alpha 361,Electronics,50456.00
PRD362,Grocery Snacks Prime 362,Grocery,1175.00
PRD363,Apparel Formal Wear Nova 363,Apparel,1782.00
PRD364,Home Appliances Laundry Max 364,Home Appliances,1751.00
PRD365,Sports Cycling Lite 365,Sports,7754.00
PRD366,Beauty Skin Care Pro 366,Beauty,1445.00
PRD367,Books Education Edge 367,Books,988.00
PRD368,Toys Board Games Plus 368,Toys,371.00
PRD369,Footwear Formal Shoes Core 369,Footwear,556.00
PRD370,Furniture Dining Flex 370,Furniture,35069.00
PRD371,Health Supplements Alpha 371,Health,3926.00
PRD372,Automotive Bike Care Prime 372,Automotive,2733.00
PRD373,Stationery Art Supplies Nova 373,Stationery,532.00
PRD374,Pet Care Pet Health Max 374,Pet Care,1255.00
PRD375,Garden Irrigation Lite 375,Garden,4974.00
PRD376,Electronics Mobiles Pro 376,Electronics,52511.00
PRD377,Grocery Snacks Edge 377,Grocery,1520.00
PRD378,Apparel Formal Wear Plus 378,Apparel,2397.00
PRD379,Home Appliances Laundry Core 379,Home Appliances,4646.00
PRD380,Sports Cycling Flex 380,Sports,8759.00
PRD381,Beauty Skin Care Alpha 381,Beauty,1910.00
PRD382,Books Education Prime 382,Books,1243.00
PRD383,Toys Board Games Nova 383,Toys,806.00
PRD384,Footwear Formal Shoes Max 384,Footwear,1351.00
PRD385,Furniture Dining Lite 385,Furniture,38234.00
PRD386,Health Supplements Pro 386,Health,4481.00
PRD387,Automotive Bike Care Edge 387,Automotive,3438.00
PRD388,Stationery Art Supplies Plus 388,Stationery,697.00
PRD389,Pet Care Pet Health Core 389,Pet Care,1540.00
PRD390,Garden Irrigation Flex 390,Garden,169.00
PRD391,Electronics Mobiles Alpha 391,Electronics,54566.00
PRD392,Grocery Snacks Prime 392,Grocery,65.00
PRD393,Apparel Formal Wear Nova 393,Apparel,3012.00
PRD394,Home Appliances Laundry Max 394,Home Appliances,7541.00
PRD395,Sports Cycling Lite 395,Sports,1264.00
PRD396,Beauty Skin Care Pro 396,Beauty,2375.00
PRD397,Books Education Edge 397,Books,1498.00
PRD398,Toys Board Games Plus 398,Toys,1241.00
PRD399,Footwear Formal Shoes Core 399,Footwear,2146.00
PRD400,Furniture Dining Flex 400,Furniture,41399.00
PRD401,Health Supplements Alpha 401,Health,5036.00
PRD402,Automotive Bike Care Prime 402,Automotive,4143.00
PRD403,Stationery Art Supplies Nova 403,Stationery,862.00
PRD404,Pet Care Pet Health Max 404,Pet Care,1825.00
PRD405,Garden Irrigation Lite 405,Garden,364.00
PRD406,Electronics Mobiles Pro 406,Electronics,1621.00
PRD407,Grocery Snacks Edge 407,Grocery,410.00
PRD408,Apparel Formal Wear Plus 408,Apparel,3627.00
PRD409,Home Appliances Laundry Core 409,Home Appliances,10436.00
PRD410,Sports Cycling Flex 410,Sports,2269.00
PRD411,Beauty Skin Care Alpha 411,Beauty,340.00
PRD412,Books Education Prime 412,Books,1753.00
PRD413,Toys Board Games Nova 413,Toys,1676.00
PRD414,Footwear Formal Shoes Max 414,Footwear,2941.00
PRD415,Furniture Dining Lite 415,Furniture,44564.00
PRD416,Health Supplements Pro 416,Health,591.00
PRD417,Automotive Bike Care Edge 417,Automotive,4848.00
PRD418,Stationery Art Supplies Plus 418,Stationery,1027.00
PRD419,Pet Care Pet Health Core 419,Pet Care,2110.00
PRD420,Garden Irrigation Flex 420,Garden,559.00
PRD421,Electronics Mobiles Alpha 421,Electronics,3676.00
PRD422,Grocery Snacks Prime 422,Grocery,755.00
PRD423,Apparel Formal Wear Nova 423,Apparel,4242.00
PRD424,Home Appliances Laundry Max 424,Home Appliances,13331.00
PRD425,Sports Cycling Lite 425,Sports,3274.00
PRD426,Beauty Skin Care Pro 426,Beauty,805.00
PRD427,Books Education Edge 427,Books,208.00
PRD428,Toys Board Games Plus 428,Toys,2111.00
PRD429,Footwear Formal Shoes Core 429,Footwear,3736.00
PRD430,Furniture Dining Flex 430,Furniture,2729.00
PRD431,Health Supplements Alpha 431,Health,1146.00
PRD432,Automotive Bike Care Prime 432,Automotive,5553.00
PRD433,Stationery Art Supplies Nova 433,Stationery,1192.00
PRD434,Pet Care Pet Health Max 434,Pet Care,2395.00
PRD435,Garden Irrigation Lite 435,Garden,754.00
PRD436,Electronics Mobiles Pro 436,Electronics,5731.00
PRD437,Grocery Snacks Edge 437,Grocery,1100.00
PRD438,Apparel Formal Wear Plus 438,Apparel,4857.00
PRD439,Home Appliances Laundry Core 439,Home Appliances,16226.00
PRD440,Sports Cycling Flex 440,Sports,4279.00
PRD441,Beauty Skin Care Alpha 441,Beauty,1270.00
PRD442,Books Education Prime 442,Books,463.00
PRD443,Toys Board Games Nova 443,Toys,2546.00
PRD444,Footwear Formal Shoes Max 444,Footwear,4531.00
PRD445,Furniture Dining Lite 445,Furniture,5894.00
PRD446,Health Supplements Pro 446,Health,1701.00
PRD447,Automotive Bike Care Edge 447,Automotive,6258.00
PRD448,Stationery Art Supplies Plus 448,Stationery,157.00
PRD449,Pet Care Pet Health Core 449,Pet Care,2680.00
PRD450,Garden Irrigation Flex 450,Garden,949.00
PRD451,Electronics Mobiles Alpha 451,Electronics,7786.00
PRD452,Grocery Snacks Prime 452,Grocery,1445.00
PRD453,Apparel Formal Wear Nova 453,Apparel,972.00
PRD454,Home Appliances Laundry Max 454,Home Appliances,19121.00
PRD455,Sports Cycling Lite 455,Sports,5284.00
PRD456,Beauty Skin Care Pro 456,Beauty,1735.00
PRD457,Books Education Edge 457,Books,718.00
PRD458,Toys Board Games Plus 458,Toys,2981.00
PRD459,Footwear Formal Shoes Core 459,Footwear,5326.00
PRD460,Furniture Dining Flex 460,Furniture,9059.00
PRD461,Health Supplements Alpha 461,Health,2256.00
PRD462,Automotive Bike Care Prime 462,Automotive,6963.00
PRD463,Stationery Art Supplies Nova 463,Stationery,322.00
PRD464,Pet Care Pet Health Max 464,Pet Care,2965.00
PRD465,Garden Irrigation Lite 465,Garden,1144.00
PRD466,Electronics Mobiles Pro 466,Electronics,9841.00
PRD467,Grocery Snacks Edge 467,Grocery,1790.00
PRD468,Apparel Formal Wear Plus 468,Apparel,1587.00
PRD469,Home Appliances Laundry Core 469,Home Appliances,22016.00
PRD470,Sports Cycling Flex 470,Sports,6289.00
PRD471,Beauty Skin Care Alpha 471,Beauty,2200.00
PRD472,Books Education Prime 472,Books,973.00
PRD473,Toys Board Games Nova 473,Toys,3416.00
PRD474,Footwear Formal Shoes Max 474,Footwear,6121.00
PRD475,Furniture Dining Lite 475,Furniture,12224.00
PRD476,Health Supplements Pro 476,Health,2811.00
PRD477,Automotive Bike Care Edge 477,Automotive,7668.00
PRD478,Stationery Art Supplies Plus 478,Stationery,487.00
PRD479,Pet Care Pet Health Core 479,Pet Care,250.00
PRD480,Garden Irrigation Flex 480,Garden,1339.00
PRD481,Electronics Mobiles Alpha 481,Electronics,11896.00
PRD482,Grocery Snacks Prime 482,Grocery,335.00
PRD483,Apparel Formal Wear Nova 483,Apparel,2202.00
PRD484,Home Appliances Laundry Max 484,Home Appliances,24911.00
PRD485,Sports Cycling Lite 485,Sports,7294.00
PRD486,Beauty Skin Care Pro 486,Beauty,165.00
PRD487,Books Education Edge 487,Books,1228.00
PRD488,Toys Board Games Plus 488,Toys,351.00
PRD489,Footwear Formal Shoes Core 489,Footwear,6916.00
PRD490,Furniture Dining Flex 490,Furniture,15389.00
PRD491,Health Supplements Alpha 491,Health,3366.00
PRD492,Automotive Bike Care Prime 492,Automotive,873.00
PRD493,Stationery Art Supplies Nova 493,Stationery,652.00
PRD494,Pet Care Pet Health Max 494,Pet Care,535.00
PRD495,Garden Irrigation Lite 495,Garden,1534.00
PRD496,Electronics Mobiles Pro 496,Electronics,13951.00
PRD497,Grocery Snacks Edge 497,Grocery,680.00
PRD498,Apparel Formal Wear Plus 498,Apparel,2817.00
PRD499,Home Appliances Laundry Core 499,Home Appliances,27806.00
PRD500,Sports Cycling Flex 500,Sports,8299.00
