full_date,year,month,quarter,weekday,store_id,store_name,product_id,product_name,total_revenue,total_orders,avg_order_value,lag_1,lag_7,rolling_avg_7
08-01-2025,2025,1,1,2,102,Hyderabad Store,1009,Mobile,99201.48,162,612.35,179490.19,318138.54,133258.2586
09-01-2025,2025,1,1,3,107,Kolkata Store,1012,Speaker,86513.89,149,580.63,99201.48,121665.43,128236.61
10-01-2025,2025,1,1,4,104,Mumbai Store,1018,Projector,137391.58,248,554,86513.89,189991.48,120722.3386
11-01-2025,2025,1,1,5,110,Kochi Store,1004,Keyboard,230942.52,425,543.39,137391.58,172290.6,129101.1843
12-01-2025,2025,1,1,6,102,Hyderabad Store,1010,Smart Watch,246050.38,352,699.01,230942.52,88425.19,151619.0686
13-01-2025,2025,1,1,0,107,Kolkata Store,1008,Tablet,233945.72,423,553.06,246050.38,81743.44,173362.2514
14-01-2025,2025,1,1,1,108,Ahmedabad Store,1013,Camera,174474.97,296,589.44,233945.72,179490.19,172645.7914
15-01-2025,2025,1,1,2,107,Kolkata Store,1009,Mobile,127736.35,200,638.68,174474.97,99201.48,176722.2014
16-01-2025,2025,1,1,3,103,Chennai Store,1017,UPS,224318.76,445,504.09,127736.35,86513.89,196408.6114
17-01-2025,2025,1,1,4,110,Kochi Store,1007,Scanner,235280.74,412,571.07,224318.76,137391.58,210392.7771
18-01-2025,2025,1,1,5,102,Hyderabad Store,1001,Laptop,123459.48,230,536.78,235280.74,230942.52,195038.0571
19-01-2025,2025,1,1,6,103,Chennai Store,1012,Speaker,272413.14,454,600.03,123459.48,246050.38,198804.1657
20-01-2025,2025,1,1,0,103,Chennai Store,1001,Laptop,128841.84,214,602.06,272413.14,233945.72,183789.3257
21-01-2025,2025,1,1,1,109,Jaipur Store,1015,Hard Disk,85766.16,126,680.68,128841.84,174474.97,171116.6386
22-01-2025,2025,1,1,2,107,Kolkata Store,1017,UPS,150948.25,232,650.64,85766.16,127736.35,174432.6243
23-01-2025,2025,1,1,3,107,Kolkata Store,1013,Camera,123884.95,187,662.49,150948.25,224318.76,160084.9371
24-01-2025,2025,1,1,4,107,Kolkata Store,1019,Webcam,186640.05,272,686.18,123884.95,235280.74,153136.2671
25-01-2025,2025,1,1,5,105,Delhi Store,1006,Printer,137131.78,199,689.1,186640.05,123459.48,155089.4529
26-01-2025,2025,1,1,6,110,Kochi Store,1007,Scanner,163510.28,237,689.92,137131.78,272413.14,139531.9014
27-01-2025,2025,1,1,0,109,Jaipur Store,1020,Microphone,127813.31,195,655.45,163510.28,128841.84,139384.9686
28-01-2025,2025,1,1,1,109,Jaipur Store,1005,Mouse,120950.14,216,559.95,127813.31,85766.16,144411.2514
29-01-2025,2025,1,1,2,106,Pune Store,1009,Mobile,79481.36,144,551.95,120950.14,150948.25,134201.6957
30-01-2025,2025,1,1,3,107,Kolkata Store,1002,Desktop,117473.43,191,615.04,79481.36,123884.95,133285.7643
31-01-2025,2025,1,1,4,102,Hyderabad Store,1002,Desktop,74253.86,118,629.27,117473.43,186640.05,117230.5943
01-02-2025,2025,2,1,5,103,Chennai Store,1002,Desktop,191688.75,338,567.13,74253.86,137131.78,125024.4471
02-02-2025,2025,2,1,6,107,Kolkata Store,1011,Headphones,123950.88,236,525.22,191688.75,163510.28,119373.1043
03-02-2025,2025,2,1,0,105,Delhi Store,1020,Microphone,173927.29,270,644.18,123950.88,127813.31,125960.8157
04-02-2025,2025,2,1,1,101,Bangalore Store,1009,Mobile,102606.83,204,502.97,173927.29,120950.14,123340.3429
05-02-2025,2025,2,1,2,104,Mumbai Store,1004,Keyboard,119048.3,184,647,102606.83,79481.36,128992.7629
06-02-2025,2025,2,1,3,107,Kolkata Store,1020,Microphone,182100.7,313,581.79,119048.3,117473.43,138225.23
07-02-2025,2025,2,1,4,108,Ahmedabad Store,1001,Laptop,213079.68,327,651.62,182100.7,74253.86,158057.49
08-02-2025,2025,2,1,5,110,Kochi Store,1003,Monitor,108285,193,561.06,213079.68,191688.75,146142.6686
09-02-2025,2025,2,1,6,101,Bangalore Store,1002,Desktop,351346.04,655,536.41,108285,123950.88,178627.6914
10-02-2025,2025,2,1,0,107,Kolkata Store,1009,Mobile,175787.85,279,630.06,351346.04,173927.29,178893.4857
11-02-2025,2025,2,1,1,104,Mumbai Store,1001,Laptop,91763.52,137,669.81,175787.85,102606.83,177344.4414
12-02-2025,2025,2,1,2,108,Ahmedabad Store,1020,Microphone,136255.15,227,600.24,91763.52,119048.3,179802.5629
13-02-2025,2025,2,1,3,109,Jaipur Store,1018,Projector,129365.42,195,663.41,136255.15,182100.7,172268.9514
14-02-2025,2025,2,1,4,109,Jaipur Store,1004,Keyboard,137143.9,211,649.97,129365.42,213079.68,161420.9829
15-02-2025,2025,2,1,5,108,Ahmedabad Store,1008,Tablet,254468.73,376,676.78,137143.9,108285,182304.3729
16-02-2025,2025,2,1,6,103,Chennai Store,1014,SSD,288226.59,423,681.39,254468.73,351346.04,173287.3086
17-02-2025,2025,2,1,0,108,Ahmedabad Store,1002,Desktop,162500.1,235,691.49,288226.59,175787.85,171389.0586
18-02-2025,2025,2,1,1,101,Bangalore Store,1005,Mouse,129795.18,187,694.09,162500.1,91763.52,176822.1529
19-02-2025,2025,2,1,2,101,Bangalore Store,1017,UPS,194195.75,315,616.49,129795.18,136255.15,185099.3814
20-02-2025,2025,2,1,3,106,Pune Store,1003,Monitor,247275.3,453,545.86,194195.75,129365.42,201943.65
21-02-2025,2025,2,1,4,105,Delhi Store,1003,Monitor,109835.81,166,661.66,247275.3,137143.9,198042.4943
22-02-2025,2025,2,1,5,107,Kolkata Store,1001,Laptop,105318.88,190,554.31,109835.81,254468.73,176735.3729
23-02-2025,2025,2,1,6,110,Kochi Store,1003,Monitor,112086.86,166,675.22,105318.88,288226.59,151572.5543
24-02-2025,2025,2,1,0,106,Pune Store,1002,Desktop,110843.92,214,517.96,112086.86,162500.1,144193.1
25-02-2025,2025,2,1,1,108,Ahmedabad Store,1001,Laptop,152662.55,228,669.57,110843.92,129795.18,147459.8671
26-02-2025,2025,2,1,2,107,Kolkata Store,1003,Monitor,166094.96,261,636.38,152662.55,194195.75,143445.4686
27-02-2025,2025,2,1,3,109,Jaipur Store,1004,Keyboard,201501.47,313,643.77,166094.96,247275.3,136906.35
28-02-2025,2025,2,1,4,103,Chennai Store,1015,Hard Disk,86975.54,126,690.28,201501.47,109835.81,133640.5971
01-03-2025,2025,3,1,5,106,Pune Store,1019,Webcam,199363.62,307,649.39,86975.54,105318.88,147075.56
02-03-2025,2025,3,1,6,110,Kochi Store,1017,UPS,198238.19,288,688.33,199363.62,112086.86,159382.8929
03-03-2025,2025,3,1,0,105,Delhi Store,1001,Laptop,144469.38,286,505.14,198238.19,110843.92,164186.53
04-03-2025,2025,3,1,1,107,Kolkata Store,1004,Keyboard,119318.9,199,599.59,144469.38,152662.55,159423.1514
05-03-2025,2025,3,1,2,107,Kolkata Store,1008,Tablet,262491.5,433,606.22,119318.9,166094.96,173194.0857
06-03-2025,2025,3,1,3,103,Chennai Store,1017,UPS,133122.56,195,682.68,262491.5,201501.47,163425.67
07-03-2025,2025,3,1,4,110,Kochi Store,1005,Mouse,66885.34,105,637,133122.56,86975.54,160555.6414
08-03-2025,2025,3,1,5,105,Delhi Store,1001,Laptop,106172.05,169,628.24,66885.34,199363.62,147242.56
09-03-2025,2025,3,1,6,106,Pune Store,1016,Router,231379.21,449,515.32,106172.05,198238.19,151976.9914
10-03-2025,2025,3,1,0,107,Kolkata Store,1005,Mouse,160073.39,245,653.36,231379.21,144469.38,154206.1357
11-03-2025,2025,3,1,1,103,Chennai Store,1005,Mouse,106047.87,186,570.15,160073.39,119318.9,152310.2743
12-03-2025,2025,3,1,2,101,Bangalore Store,1014,SSD,129802.62,192,676.06,106047.87,262491.5,133354.72
13-03-2025,2025,3,1,3,105,Delhi Store,1007,Scanner,133268.16,255,522.62,129802.62,133122.56,133375.52
14-03-2025,2025,3,1,4,110,Kochi Store,1010,Smart Watch,260503.78,408,638.49,133268.16,66885.34,161035.2971
15-03-2025,2025,3,1,5,110,Kochi Store,1019,Webcam,254299.47,505,503.56,260503.78,106172.05,182196.3571
16-03-2025,2025,3,1,6,108,Ahmedabad Store,1016,Router,116946.32,200,584.73,254299.47,231379.21,165848.8014
17-03-2025,2025,3,1,0,108,Ahmedabad Store,1012,Speaker,162478.84,236,688.47,116946.32,160073.39,166192.4371
18-03-2025,2025,3,1,1,103,Chennai Store,1011,Headphones,162435.9,243,668.46,162478.84,106047.87,174247.87
19-03-2025,2025,3,1,2,110,Kochi Store,1011,Headphones,70410.05,129,545.81,162435.9,129802.62,165763.2171
20-03-2025,2025,3,1,3,102,Hyderabad Store,1019,Webcam,150308.72,230,653.52,70410.05,133268.16,168197.5829
21-03-2025,2025,3,1,4,110,Kochi Store,1002,Desktop,144208.11,235,613.65,150308.72,260503.78,151583.9157
22-03-2025,2025,3,1,5,108,Ahmedabad Store,1004,Keyboard,266191.85,443,600.88,144208.11,254299.47,153282.8271
23-03-2025,2025,3,1,6,109,Jaipur Store,1003,Monitor,205845.67,345,596.65,266191.85,116946.32,165982.7343
24-03-2025,2025,3,1,0,108,Ahmedabad Store,1005,Mouse,161212.42,269,599.3,205845.67,162478.84,165801.8171
25-03-2025,2025,3,1,1,109,Jaipur Store,1017,UPS,148252.09,253,585.98,161212.42,162435.9,163775.5586
26-03-2025,2025,3,1,2,103,Chennai Store,1017,UPS,173046.77,340,508.96,148252.09,70410.05,178437.9471
27-03-2025,2025,3,1,3,107,Kolkata Store,1014,SSD,161259.06,250,645.04,173046.77,150308.72,180002.2814
28-03-2025,2025,3,1,4,105,Delhi Store,1005,Mouse,116792.75,211,553.52,161259.06,144208.11,176085.8014
29-03-2025,2025,3,1,5,107,Kolkata Store,1016,Router,136693.11,199,686.9,116792.75,266191.85,157585.9814
30-03-2025,2025,3,1,6,107,Kolkata Store,1014,SSD,175480.23,305,575.35,136693.11,205845.67,153248.0614
31-03-2025,2025,3,1,0,102,Hyderabad Store,1015,Hard Disk,155449.19,241,645.02,175480.23,161212.42,152424.7429
01-04-2025,2025,4,2,1,106,Pune Store,1007,Scanner,126612.47,203,623.71,155449.19,148252.09,149333.3686
02-04-2025,2025,4,2,2,102,Hyderabad Store,1005,Mouse,123834.07,203,610.02,126612.47,173046.77,142302.9829
03-04-2025,2025,4,2,3,101,Bangalore Store,1020,Microphone,192931.35,305,632.56,123834.07,161259.06,146827.5957
04-04-2025,2025,4,2,4,104,Mumbai Store,1006,Printer,185743.89,272,682.88,192931.35,116792.75,156677.7586
05-04-2025,2025,4,2,5,107,Kolkata Store,1010,Smart Watch,144476.42,214,675.12,185743.89,136693.11,157789.66
06-04-2025,2025,4,2,6,102,Hyderabad Store,1020,Microphone,97879.73,146,670.41,144476.42,175480.23,146703.8743
07-04-2025,2025,4,2,0,101,Bangalore Store,1003,Monitor,240620.37,393,612.27,97879.73,155449.19,158871.1857
08-04-2025,2025,4,2,1,109,Jaipur Store,1001,Laptop,201757.71,300,672.53,240620.37,126612.47,169606.22
09-04-2025,2025,4,2,2,105,Delhi Store,1016,Router,259887.9,391,664.67,201757.71,123834.07,189042.4814
10-04-2025,2025,4,2,3,103,Chennai Store,1019,Webcam,212646.02,388,548.06,259887.9,192931.35,191858.8629
11-04-2025,2025,4,2,4,101,Bangalore Store,1003,Monitor,108757.5,189,575.44,212646.02,185743.89,180860.8071
12-04-2025,2025,4,2,5,108,Ahmedabad Store,1006,Printer,214933.47,363,592.1,108757.5,144476.42,190926.1
13-04-2025,2025,4,2,6,104,Mumbai Store,1008,Tablet,192998.02,357,540.61,214933.47,97879.73,204514.4271
14-04-2025,2025,4,2,0,104,Mumbai Store,1017,UPS,125666.18,191,657.94,192998.02,240620.37,188092.4
15-04-2025,2025,4,2,1,103,Chennai Store,1006,Printer,252342.49,387,652.05,125666.18,201757.71,195318.7971
16-04-2025,2025,4,2,2,102,Hyderabad Store,1010,Smart Watch,265588.68,429,619.09,252342.49,259887.9,196133.1943
17-04-2025,2025,4,2,3,108,Ahmedabad Store,1001,Laptop,185110.75,273,678.06,265588.68,212646.02,192199.5843
18-04-2025,2025,4,2,4,105,Delhi Store,1017,UPS,181272.9,288,629.42,185110.75,108757.5,202558.9271
19-04-2025,2025,4,2,5,105,Delhi Store,1016,Router,186533.93,310,601.72,181272.9,214933.47,198501.85
20-04-2025,2025,4,2,6,103,Chennai Store,1005,Mouse,284891.6,442,644.55,186533.93,192998.02,211629.5043
21-04-2025,2025,4,2,0,105,Delhi Store,1014,SSD,115979.53,230,504.26,284891.6,125666.18,210245.6971
22-04-2025,2025,4,2,1,101,Bangalore Store,1017,UPS,103941.47,182,571.11,115979.53,252342.49,189045.5514
23-04-2025,2025,4,2,2,107,Kolkata Store,1002,Desktop,210044.36,303,693.22,103941.47,265588.68,181110.6486
24-04-2025,2025,4,2,3,106,Pune Store,1012,Speaker,232310.46,360,645.31,210044.36,185110.75,187853.4643
25-04-2025,2025,4,2,4,107,Kolkata Store,1015,Hard Disk,222877.66,370,602.37,232310.46,181272.9,193797.0014
26-04-2025,2025,4,2,5,106,Pune Store,1002,Desktop,195846.1,338,579.43,222877.66,186533.93,195127.3114
27-04-2025,2025,4,2,6,103,Chennai Store,1002,Desktop,184235.75,348,529.41,195846.1,284891.6,180747.9043
28-04-2025,2025,4,2,0,107,Kolkata Store,1010,Smart Watch,276121.2,433,637.69,184235.75,115979.53,203625.2857
29-04-2025,2025,4,2,1,108,Ahmedabad Store,1017,UPS,117087.92,219,534.65,276121.2,103941.47,205503.35
30-04-2025,2025,4,2,2,106,Pune Store,1002,Desktop,172166.34,280,614.88,117087.92,210044.36,200092.2043
01-05-2025,2025,5,2,3,109,Jaipur Store,1016,Router,88781.09,140,634.15,172166.34,232310.46,179588.0086
02-05-2025,2025,5,2,4,108,Ahmedabad Store,1003,Monitor,202876.29,299,678.52,88781.09,222877.66,176730.67
03-05-2025,2025,5,2,5,110,Kochi Store,1019,Webcam,104617.47,156,670.62,202876.29,195846.1,163698.0086
04-05-2025,2025,5,2,6,106,Pune Store,1006,Printer,162999.71,299,545.15,104617.47,184235.75,160664.2886
05-05-2025,2025,5,2,0,102,Hyderabad Store,1017,UPS,208805.89,397,525.96,162999.71,276121.2,151047.8157
06-05-2025,2025,5,2,1,109,Jaipur Store,1015,Hard Disk,112944.97,186,607.23,208805.89,117087.92,150455.9657
07-05-2025,2025,5,2,2,101,Bangalore Store,1004,Keyboard,242190.67,356,680.31,112944.97,172166.34,160459.4414
08-05-2025,2025,5,2,3,108,Ahmedabad Store,1014,SSD,151267.41,240,630.28,242190.67,88781.09,169386.0586
09-05-2025,2025,5,2,4,110,Kochi Store,1014,SSD,80260.7,131,612.68,151267.41,202876.29,151869.5457
10-05-2025,2025,5,2,5,107,Kolkata Store,1014,SSD,125514.37,233,538.69,80260.7,104617.47,154854.8171
11-05-2025,2025,5,2,6,103,Chennai Store,1019,Webcam,134707.6,255,528.27,125514.37,162999.71,150813.0871
12-05-2025,2025,5,2,0,110,Kochi Store,1007,Scanner,112196.43,206,544.64,134707.6,208805.89,137011.7357
13-05-2025,2025,5,2,1,109,Jaipur Store,1017,UPS,144583.75,255,567,112196.43,112944.97,141531.5614
14-05-2025,2025,5,2,2,109,Jaipur Store,1013,Camera,179925.2,294,611.99,144583.75,242190.67,132636.4943
15-05-2025,2025,5,2,3,108,Ahmedabad Store,1008,Tablet,90880.57,151,601.86,179925.2,151267.41,124009.8029
16-05-2025,2025,5,2,4,106,Pune Store,1020,Microphone,187551.26,336,558.19,90880.57,80260.7,139337.0257
17-05-2025,2025,5,2,5,106,Pune Store,1005,Mouse,127637.92,224,569.81,187551.26,125514.37,139640.39
18-05-2025,2025,5,2,6,107,Kolkata Store,1016,Router,112823.04,189,596.95,127637.92,134707.6,136514.0243
19-05-2025,2025,5,2,0,108,Ahmedabad Store,1009,Mobile,141008.72,263,536.15,112823.04,112196.43,140630.0657
20-05-2025,2025,5,2,1,108,Ahmedabad Store,1006,Printer,241543.44,381,633.97,141008.72,144583.75,154481.45
21-05-2025,2025,5,2,2,106,Pune Store,1017,UPS,194905.52,281,693.61,241543.44,179925.2,156621.4957
22-05-2025,2025,5,2,3,108,Ahmedabad Store,1019,Webcam,132734.95,234,567.24,194905.52,90880.57,162600.6929
23-05-2025,2025,5,2,4,103,Chennai Store,1020,Microphone,113268.95,192,589.94,132734.95,187551.26,151988.9343
24-05-2025,2025,5,2,5,106,Pune Store,1005,Mouse,279997.27,557,502.69,113268.95,127637.92,173754.5557
25-05-2025,2025,5,2,6,101,Bangalore Store,1006,Printer,126525.66,198,639.02,279997.27,112823.04,175712.0729
26-05-2025,2025,5,2,0,102,Hyderabad Store,1013,Camera,95105.36,158,601.93,126525.66,141008.72,169154.45
27-05-2025,2025,5,2,1,109,Jaipur Store,1017,UPS,123052.16,207,594.45,95105.36,241543.44,152227.1243
28-05-2025,2025,5,2,2,101,Bangalore Store,1005,Mouse,270330.67,436,620.02,123052.16,194905.52,163002.1457
29-05-2025,2025,5,2,3,109,Jaipur Store,1002,Desktop,72878.62,129,564.95,270330.67,132734.95,154451.2414
30-05-2025,2025,5,2,4,106,Pune Store,1008,Tablet,250421.4,468,535.09,72878.62,113268.95,174044.4486
31-05-2025,2025,5,2,5,105,Delhi Store,1005,Mouse,261448.57,466,561.05,250421.4,279997.27,171394.6343
01-06-2025,2025,6,2,6,104,Mumbai Store,1013,Camera,242144.75,401,603.85,261448.57,126525.66,187911.6471
02-06-2025,2025,6,2,0,103,Chennai Store,1006,Printer,155369.76,238,652.81,242144.75,95105.36,196520.8471
03-06-2025,2025,6,2,1,101,Bangalore Store,1001,Laptop,153512.4,254,604.38,155369.76,123052.16,200872.31
04-06-2025,2025,6,2,2,103,Chennai Store,1007,Scanner,200259.54,286,700.21,153512.4,270330.67,190862.1486
05-06-2025,2025,6,2,3,110,Kochi Store,1020,Microphone,208612.74,318,656.01,200259.54,72878.62,210252.7371
06-06-2025,2025,6,2,4,104,Mumbai Store,1006,Printer,228929.24,430,532.39,208612.74,250421.4,207182.4286
07-06-2025,2025,6,2,5,104,Mumbai Store,1002,Desktop,306470.16,496,617.88,228929.24,261448.57,213614.0843
08-06-2025,2025,6,2,6,106,Pune Store,1013,Camera,212019.34,312,679.55,306470.16,242144.75,209310.4543
09-06-2025,2025,6,2,0,108,Ahmedabad Store,1015,Hard Disk,125077.97,220,568.54,212019.34,155369.76,204983.0557
10-06-2025,2025,6,2,1,102,Hyderabad Store,1019,Webcam,178482.54,275,649.03,125077.97,153512.4,208550.2186
11-06-2025,2025,6,2,2,110,Kochi Store,1008,Tablet,143708.29,243,591.39,178482.54,200259.54,200471.4686
12-06-2025,2025,6,2,3,110,Kochi Store,1013,Camera,85610.07,140,611.5,143708.29,208612.74,182899.6586
13-06-2025,2025,6,2,4,108,Ahmedabad Store,1011,Headphones,214027.15,338,633.22,85610.07,228929.24,180770.7886
14-06-2025,2025,6,2,5,108,Ahmedabad Store,1005,Mouse,139070.73,262,530.8,214027.15,306470.16,156856.5843
15-06-2025,2025,6,2,6,110,Kochi Store,1009,Mobile,236066.48,437,540.2,139070.73,212019.34,160291.89
16-06-2025,2025,6,2,0,106,Pune Store,1011,Headphones,90516.15,153,591.61,236066.48,125077.97,155354.4871
17-06-2025,2025,6,2,1,104,Mumbai Store,1001,Laptop,207583.42,323,642.67,90516.15,178482.54,159511.7557
18-06-2025,2025,6,2,2,105,Delhi Store,1015,Hard Disk,116727.62,209,558.51,207583.42,143708.29,155657.3743
19-06-2025,2025,6,2,3,105,Delhi Store,1009,Mobile,113081.79,197,574.02,116727.62,85610.07,159581.9057
20-06-2025,2025,6,2,4,106,Pune Store,1002,Desktop,170430.56,330,516.46,113081.79,214027.15,153353.8214
21-06-2025,2025,6,2,5,103,Chennai Store,1007,Scanner,90544.94,133,680.79,170430.56,139070.73,146421.5657
22-06-2025,2025,6,2,6,106,Pune Store,1018,Projector,146429.8,242,605.08,90544.94,236066.48,133616.3257
23-06-2025,2025,6,2,0,101,Bangalore Store,1020,Microphone,90782.69,150,605.22,146429.8,90516.15,133654.4029
24-06-2025,2025,6,2,1,101,Bangalore Store,1007,Scanner,88521.91,142,623.39,90782.69,207583.42,116645.6157
25-06-2025,2025,6,2,2,108,Ahmedabad Store,1019,Webcam,157545.36,297,530.46,88521.91,116727.62,122476.7214
26-06-2025,2025,6,2,3,108,Ahmedabad Store,1019,Webcam,170850.77,246,694.52,157545.36,113081.79,130729.4329
27-06-2025,2025,6,2,4,106,Pune Store,1017,UPS,176267.03,279,631.78,170850.77,170430.56,131563.2143
28-06-2025,2025,6,2,5,101,Bangalore Store,1008,Tablet,337509.48,663,509.06,176267.03,90544.94,166843.8629
29-06-2025,2025,6,2,6,110,Kochi Store,1019,Webcam,195126.31,352,554.34,337509.48,146429.8,173800.5071
30-06-2025,2025,6,2,0,102,Hyderabad Store,1007,Scanner,92763.24,163,569.1,195126.31,90782.69,174083.4429
01-07-2025,2025,7,3,1,108,Ahmedabad Store,1008,Tablet,177475.85,322,551.17,92763.24,88521.91,186791.1486
02-07-2025,2025,7,3,2,101,Bangalore Store,1015,Hard Disk,259515.85,449,577.99,177475.85,157545.36,201358.3614
03-07-2025,2025,7,3,3,108,Ahmedabad Store,1014,SSD,176235.14,258,683.08,259515.85,170850.77,202127.5571
04-07-2025,2025,7,3,4,105,Delhi Store,1014,SSD,212236.27,370,573.61,176235.14,176267.03,207266.02
05-07-2025,2025,7,3,5,107,Kolkata Store,1001,Laptop,85691.12,132,649.18,212236.27,337509.48,171291.9686
06-07-2025,2025,7,3,6,104,Mumbai Store,1018,Projector,335530.48,657,510.7,85691.12,195126.31,191349.7071
07-07-2025,2025,7,3,0,110,Kochi Store,1002,Desktop,92458.52,183,505.24,335530.48,92763.24,191306.1757
08-07-2025,2025,7,3,1,105,Delhi Store,1006,Printer,164046.67,274,598.71,92458.52,177475.85,189387.7214
09-07-2025,2025,7,3,2,104,Mumbai Store,1012,Speaker,203519.36,364,559.12,164046.67,259515.85,181388.2229
10-07-2025,2025,7,3,3,107,Kolkata Store,1017,UPS,174944.86,324,539.95,203519.36,176235.14,181203.8971
11-07-2025,2025,7,3,4,102,Hyderabad Store,1013,Camera,124309.87,247,503.28,174944.86,212236.27,168642.9829
12-07-2025,2025,7,3,5,110,Kochi Store,1013,Camera,279747.73,433,646.07,124309.87,85691.12,196365.3557
13-07-2025,2025,7,3,6,105,Delhi Store,1010,Smart Watch,161973.65,243,666.56,279747.73,335530.48,171571.5229
14-07-2025,2025,7,3,0,109,Jaipur Store,1006,Printer,137645.76,235,585.73,161973.65,92458.52,178026.8429
15-07-2025,2025,7,3,1,105,Delhi Store,1006,Printer,146504.5,265,552.85,137645.76,164046.67,175520.8186
16-07-2025,2025,7,3,2,107,Kolkata Store,1010,Smart Watch,197653.83,362,546.01,146504.5,203519.36,174682.8857
17-07-2025,2025,7,3,3,102,Hyderabad Store,1011,Headphones,96777.86,184,525.97,197653.83,174944.86,163516.1714
18-07-2025,2025,7,3,4,105,Delhi Store,1011,Headphones,132374.56,239,553.87,96777.86,124309.87,164668.27
19-07-2025,2025,7,3,5,102,Hyderabad Store,1015,Hard Disk,172426,324,532.18,132374.56,279747.73,149336.5943
20-07-2025,2025,7,3,6,110,Kochi Store,1004,Keyboard,144093.96,248,581.02,172426,161973.65,146782.3529
21-07-2025,2025,7,3,0,102,Hyderabad Store,1009,Mobile,121698.77,225,540.88,144093.96,137645.76,144504.2114
22-07-2025,2025,7,3,1,101,Bangalore Store,1001,Laptop,216017.67,412,524.31,121698.77,146504.5,154434.6643
23-07-2025,2025,7,3,2,107,Kolkata Store,1003,Monitor,255695.15,377,678.24,216017.67,197653.83,162726.2814
24-07-2025,2025,7,3,3,106,Pune Store,1002,Desktop,118769.08,216,549.86,255695.15,96777.86,165867.8843
25-07-2025,2025,7,3,4,101,Bangalore Store,1010,Smart Watch,201487.43,359,561.25,118769.08,132374.56,175741.1514
26-07-2025,2025,7,3,5,108,Ahmedabad Store,1019,Webcam,291422.25,472,617.42,201487.43,172426,192740.6157
27-07-2025,2025,7,3,6,106,Pune Store,1008,Tablet,181098.66,324,558.95,291422.25,144093.96,198027.0014
28-07-2025,2025,7,3,0,110,Kochi Store,1009,Mobile,106090.54,206,515,181098.66,121698.77,195797.2543
29-07-2025,2025,7,3,1,107,Kolkata Store,1017,UPS,161652.45,315,513.18,106090.54,216017.67,188030.7943
30-07-2025,2025,7,3,2,105,Delhi Store,1007,Scanner,228867.58,410,558.21,161652.45,255695.15,184198.2843
31-07-2025,2025,7,3,3,107,Kolkata Store,1018,Projector,114777.93,177,648.46,228867.58,118769.08,183628.12
01-08-2025,2025,8,3,4,110,Kochi Store,1007,Scanner,159576.68,262,609.07,114777.93,201487.43,177640.87
02-08-2025,2025,8,3,5,102,Hyderabad Store,1003,Monitor,199592.95,328,608.52,159576.68,291422.25,164522.3986
03-08-2025,2025,8,3,6,107,Kolkata Store,1015,Hard Disk,250450.03,384,652.21,199592.95,181098.66,174429.7371
04-08-2025,2025,8,3,0,102,Hyderabad Store,1001,Laptop,232084.91,334,694.87,250450.03,106090.54,192428.9329
05-08-2025,2025,8,3,1,107,Kolkata Store,1003,Monitor,104221.93,162,643.35,232084.91,161652.45,184224.5729
06-08-2025,2025,8,3,2,102,Hyderabad Store,1003,Monitor,70511.6,102,691.29,104221.93,228867.58,161602.29
07-08-2025,2025,8,3,3,101,Bangalore Store,1012,Speaker,251055.55,493,509.24,70511.6,114777.93,181070.5214
08-08-2025,2025,8,3,4,109,Jaipur Store,1007,Scanner,223924.45,446,502.07,251055.55,159576.68,190263.06
09-08-2025,2025,8,3,5,108,Ahmedabad Store,1018,Projector,133555.49,197,677.95,223924.45,199592.95,180829.1371
10-08-2025,2025,8,3,6,101,Bangalore Store,1014,SSD,111155.92,159,699.09,133555.49,250450.03,160929.9786
11-08-2025,2025,8,3,0,110,Kochi Store,1005,Mouse,108844.39,202,538.83,111155.92,232084.91,143324.19
12-08-2025,2025,8,3,1,108,Ahmedabad Store,1014,SSD,257429.37,394,653.37,108844.39,104221.93,165210.9671
13-08-2025,2025,8,3,2,107,Kolkata Store,1020,Microphone,128062.3,227,564.15,257429.37,70511.6,173432.4957
14-08-2025,2025,8,3,3,106,Pune Store,1019,Webcam,132561.41,198,669.5,128062.3,251055.55,156504.7614
15-08-2025,2025,8,3,4,101,Bangalore Store,1003,Monitor,256609.62,469,547.14,132561.41,223924.45,161174.0714
16-08-2025,2025,8,3,5,107,Kolkata Store,1017,UPS,228212.91,344,663.41,256609.62,133555.49,174696.56
17-08-2025,2025,8,3,6,102,Hyderabad Store,1018,Projector,144540.49,282,512.55,228212.91,111155.92,179465.7843
18-08-2025,2025,8,3,0,108,Ahmedabad Store,1015,Hard Disk,193905.95,324,598.48,144540.49,108844.39,191617.4357
19-08-2025,2025,8,3,1,109,Jaipur Store,1003,Monitor,156517.27,240,652.16,193905.95,257429.37,177201.4214
20-08-2025,2025,8,3,2,102,Hyderabad Store,1012,Speaker,109609.55,217,505.11,156517.27,128062.3,174565.3143
21-08-2025,2025,8,3,3,102,Hyderabad Store,1015,Hard Disk,151630.62,257,590,109609.55,132561.41,177289.4871
22-08-2025,2025,8,3,4,102,Hyderabad Store,1006,Printer,125813.52,180,698.96,151630.62,256609.62,158604.33
23-08-2025,2025,8,3,5,101,Bangalore Store,1018,Projector,193788.78,315,615.2,125813.52,228212.91,153686.5971
24-08-2025,2025,8,3,6,110,Kochi Store,1003,Monitor,235474.52,442,532.75,193788.78,144540.49,166677.1729
25-08-2025,2025,8,3,0,106,Pune Store,1019,Webcam,157845.47,308,512.49,235474.52,193905.95,161525.6757
26-08-2025,2025,8,3,1,109,Jaipur Store,1010,Smart Watch,177914.54,351,506.88,157845.47,156517.27,164582.4286
27-08-2025,2025,8,3,2,105,Delhi Store,1011,Headphones,213546.03,409,522.12,177914.54,109609.55,179430.4971
28-08-2025,2025,8,3,3,110,Kochi Store,1010,Smart Watch,143232.82,217,660.06,213546.03,151630.62,178230.8114
29-08-2025,2025,8,3,4,102,Hyderabad Store,1004,Keyboard,211830.65,305,694.53,143232.82,125813.52,190518.9729
30-08-2025,2025,8,3,5,101,Bangalore Store,1009,Mobile,168865.25,244,692.07,211830.65,193788.78,186958.4686
31-08-2025,2025,8,3,6,108,Ahmedabad Store,1013,Camera,145756.49,208,700.75,168865.25,235474.52,174141.6071
01-09-2025,2025,9,3,0,110,Kochi Store,1009,Mobile,166582.21,288,578.41,145756.49,157845.47,175389.7129
02-09-2025,2025,9,3,1,105,Delhi Store,1004,Keyboard,181461.01,262,692.6,166582.21,177914.54,175896.3514
03-09-2025,2025,9,3,2,101,Bangalore Store,1012,Speaker,155995.5,299,521.72,181461.01,213546.03,167674.8471
04-09-2025,2025,9,3,3,110,Kochi Store,1018,Projector,309642.03,467,663.05,155995.5,143232.82,191447.5914
05-09-2025,2025,9,3,4,103,Chennai Store,1020,Microphone,101357.91,160,633.49,309642.03,211830.65,175665.7714
06-09-2025,2025,9,3,5,103,Chennai Store,1011,Headphones,214842.75,406,529.17,101357.91,168865.25,182233.9857
07-09-2025,2025,9,3,6,104,Mumbai Store,1017,UPS,219549.6,355,618.45,214842.75,145756.49,192775.8586
08-09-2025,2025,9,3,0,104,Mumbai Store,1002,Desktop,142635.76,271,526.33,219549.6,166582.21,189354.9371
09-09-2025,2025,9,3,1,103,Chennai Store,1017,UPS,101340.92,194,522.38,142635.76,181461.01,177909.21
10-09-2025,2025,9,3,2,105,Delhi Store,1020,Microphone,121217.86,242,500.9,101340.92,155995.5,172940.9757
11-09-2025,2025,9,3,3,110,Kochi Store,1006,Printer,115098.31,219,525.56,121217.86,309642.03,145149.0157
12-09-2025,2025,9,3,4,108,Ahmedabad Store,1012,Speaker,181341.52,317,572.06,115098.31,101357.91,156575.2457
13-09-2025,2025,9,3,5,109,Jaipur Store,1017,UPS,114872.88,170,675.72,181341.52,214842.75,142293.8357
14-09-2025,2025,9,3,6,102,Hyderabad Store,1020,Microphone,201764.94,296,681.64,114872.88,219549.6,139753.17
15-09-2025,2025,9,3,0,108,Ahmedabad Store,1003,Monitor,144786.27,207,699.45,201764.94,142635.76,140060.3857
16-09-2025,2025,9,3,1,101,Bangalore Store,1012,Speaker,158533.43,230,689.28,144786.27,101340.92,148230.7443
17-09-2025,2025,9,3,2,106,Pune Store,1002,Desktop,168460.48,295,571.05,158533.43,121217.86,154979.69
18-09-2025,2025,9,3,3,105,Delhi Store,1018,Projector,164842.77,310,531.75,168460.48,115098.31,162086.0414
19-09-2025,2025,9,3,4,109,Jaipur Store,1001,Laptop,301639.48,444,679.37,164842.77,181341.52,179271.4643
20-09-2025,2025,9,3,5,108,Ahmedabad Store,1009,Mobile,264902.44,457,579.66,301639.48,114872.88,200704.2586
21-09-2025,2025,9,3,6,106,Pune Store,1020,Microphone,250175.98,470,532.29,264902.44,201764.94,207620.1214
22-09-2025,2025,9,3,0,109,Jaipur Store,1013,Camera,189152.76,314,602.4,250175.98,144786.27,213958.1914
23-09-2025,2025,9,3,1,102,Hyderabad Store,1006,Printer,217071.65,338,642.22,189152.76,158533.43,222320.7943
24-09-2025,2025,9,3,2,102,Hyderabad Store,1010,Smart Watch,82246.46,146,563.33,217071.65,168460.48,210004.5057
25-09-2025,2025,9,3,3,103,Chennai Store,1006,Printer,190734.56,311,613.29,82246.46,164842.77,213703.3329
26-09-2025,2025,9,3,4,108,Ahmedabad Store,1008,Tablet,250144.74,410,610.11,190734.56,301639.48,206346.9414
27-09-2025,2025,9,3,5,107,Kolkata Store,1011,Headphones,263146.54,402,654.59,250144.74,264902.44,206096.0986
28-09-2025,2025,9,3,6,103,Chennai Store,1009,Mobile,167227.56,327,511.4,263146.54,250175.98,194246.3243
29-09-2025,2025,9,3,0,107,Kolkata Store,1012,Speaker,207153.44,345,600.44,167227.56,189152.76,196817.85
30-09-2025,2025,9,3,1,108,Ahmedabad Store,1019,Webcam,79782.91,122,653.96,207153.44,217071.65,177205.1729
01-10-2025,2025,10,4,2,105,Delhi Store,1009,Mobile,115632.35,216,535.33,79782.91,82246.46,181974.5857
02-10-2025,2025,10,4,3,106,Pune Store,1015,Hard Disk,169359.2,257,658.99,115632.35,190734.56,178920.9629
03-10-2025,2025,10,4,4,110,Kochi Store,1020,Microphone,259900.27,500,519.8,169359.2,250144.74,180314.61
04-10-2025,2025,10,4,5,108,Ahmedabad Store,1018,Projector,305914.77,496,616.76,259900.27,263146.54,186424.3571
05-10-2025,2025,10,4,6,102,Hyderabad Store,1004,Keyboard,405931.84,606,669.85,305914.77,167227.56,220524.9686
06-10-2025,2025,10,4,0,103,Chennai Store,1019,Webcam,165903.27,320,518.45,405931.84,207153.44,214632.0871
07-10-2025,2025,10,4,1,108,Ahmedabad Store,1015,Hard Disk,239669.93,408,587.43,165903.27,79782.91,237473.09
08-10-2025,2025,10,4,2,110,Kochi Store,1012,Speaker,194976.31,361,540.1,239669.93,115632.35,248807.9414
09-10-2025,2025,10,4,3,106,Pune Store,1015,Hard Disk,221944.21,352,630.52,194976.31,169359.2,256320.0857
10-10-2025,2025,10,4,4,107,Kolkata Store,1006,Printer,168446.11,254,663.17,221944.21,259900.27,243255.2057
11-10-2025,2025,10,4,5,105,Delhi Store,1005,Mouse,287434.3,442,650.3,168446.11,305914.77,240615.1386
12-10-2025,2025,10,4,6,110,Kochi Store,1003,Monitor,192237.47,377,509.91,287434.3,405931.84,210087.3714
13-10-2025,2025,10,4,0,109,Jaipur Store,1001,Laptop,228879.84,457,500.83,192237.47,165903.27,219084.0243
14-10-2025,2025,10,4,1,109,Jaipur Store,1020,Microphone,220473,332,664.08,228879.84,239669.93,216341.6057
15-10-2025,2025,10,4,2,101,Bangalore Store,1017,UPS,218494.1,345,633.32,220473,194976.31,219701.29
16-10-2025,2025,10,4,3,104,Mumbai Store,1018,Projector,145395.84,275,528.71,218494.1,221944.21,208765.8086
17-10-2025,2025,10,4,4,101,Bangalore Store,1003,Monitor,281883.2,427,660.15,145395.84,168446.11,224971.1071
18-10-2025,2025,10,4,5,101,Bangalore Store,1019,Webcam,131647.4,242,544,281883.2,287434.3,202715.8357
19-10-2025,2025,10,4,6,102,Hyderabad Store,1018,Projector,336905.42,502,671.13,131647.4,192237.47,223382.6857
20-10-2025,2025,10,4,0,102,Hyderabad Store,1012,Speaker,123844.83,227,545.57,336905.42,228879.84,208377.6843
21-10-2025,2025,10,4,1,104,Mumbai Store,1016,Router,316864.75,542,584.62,123844.83,220473,222147.9343
22-10-2025,2025,10,4,2,101,Bangalore Store,1008,Tablet,126148.97,187,674.59,316864.75,218494.1,208955.7729
23-10-2025,2025,10,4,3,102,Hyderabad Store,1001,Laptop,353881.26,538,657.77,126148.97,145395.84,238739.4043
24-10-2025,2025,10,4,4,102,Hyderabad Store,1018,Projector,296156.16,515,575.06,353881.26,281883.2,240778.3986
25-10-2025,2025,10,4,5,108,Ahmedabad Store,1014,SSD,325931.46,508,641.6,296156.16,131647.4,268533.2643
26-10-2025,2025,10,4,6,105,Delhi Store,1016,Router,151064.12,217,696.15,325931.46,336905.42,241984.5071
27-10-2025,2025,10,4,0,102,Hyderabad Store,1006,Printer,265137.73,392,676.37,151064.12,123844.83,262169.2071
28-10-2025,2025,10,4,1,109,Jaipur Store,1013,Camera,115905.62,192,603.68,265137.73,316864.75,233460.76
29-10-2025,2025,10,4,2,104,Mumbai Store,1006,Printer,267483.9,512,522.43,115905.62,126148.97,253651.4643
30-10-2025,2025,10,4,3,103,Chennai Store,1013,Camera,143220.36,205,698.64,267483.9,353881.26,223557.05
31-10-2025,2025,10,4,4,109,Jaipur Store,1015,Hard Disk,231517.77,357,648.51,143220.36,296156.16,214322.9943
01-11-2025,2025,11,4,5,103,Chennai Store,1001,Laptop,235734.27,392,601.36,231517.77,325931.46,201437.6814
02-11-2025,2025,11,4,6,110,Kochi Store,1011,Headphones,352392.2,693,508.5,235734.27,151064.12,230198.8357
03-11-2025,2025,11,4,0,103,Chennai Store,1008,Tablet,231948.08,355,653.37,352392.2,265137.73,225457.4571
04-11-2025,2025,11,4,1,105,Delhi Store,1002,Desktop,187684.31,365,514.2,231948.08,115905.62,235711.5557
05-11-2025,2025,11,4,2,107,Kolkata Store,1006,Printer,328324.91,631,520.32,187684.31,267483.9,244403.1286
06-11-2025,2025,11,4,3,107,Kolkata Store,1011,Headphones,225449.62,351,642.31,328324.91,143220.36,256150.1657
07-11-2025,2025,11,4,4,109,Jaipur Store,1004,Keyboard,166726.36,260,641.26,225449.62,231517.77,246894.25
08-11-2025,2025,11,4,5,106,Pune Store,1019,Webcam,230655.54,374,616.73,166726.36,235734.27,246168.7171
09-11-2025,2025,11,4,6,104,Mumbai Store,1014,SSD,360623.85,596,605.07,230655.54,352392.2,247344.6671
10-11-2025,2025,11,4,0,104,Mumbai Store,1018,Projector,335674.33,570,588.9,360623.85,231948.08,262162.7029
11-11-2025,2025,11,4,1,107,Kolkata Store,1012,Speaker,205327.05,297,691.34,335674.33,187684.31,264683.0943
12-11-2025,2025,11,4,2,108,Ahmedabad Store,1017,UPS,201432.81,289,697,205327.05,328324.91,246555.6514
13-11-2025,2025,11,4,3,106,Pune Store,1007,Scanner,244791.04,404,605.92,201432.81,225449.62,249318.7114
14-11-2025,2025,11,4,4,107,Kolkata Store,1009,Mobile,319744.66,515,620.86,244791.04,166726.36,271178.4686
15-11-2025,2025,11,4,5,110,Kochi Store,1008,Tablet,282304.05,497,568.02,319744.66,230655.54,278556.8271
16-11-2025,2025,11,4,6,102,Hyderabad Store,1019,Webcam,347333.82,538,645.6,282304.05,360623.85,276658.2514
17-11-2025,2025,11,4,0,103,Chennai Store,1004,Keyboard,162487.42,267,608.57,347333.82,335674.33,251917.2643
18-11-2025,2025,11,4,1,102,Hyderabad Store,1001,Laptop,105215.19,196,536.81,162487.42,205327.05,237615.57
19-11-2025,2025,11,4,2,103,Chennai Store,1007,Scanner,158682.72,231,686.94,105215.19,201432.81,231508.4143
20-11-2025,2025,11,4,3,109,Jaipur Store,1002,Desktop,211668.71,317,667.72,158682.72,244791.04,226776.6529
21-11-2025,2025,11,4,4,109,Jaipur Store,1017,UPS,139240.47,268,519.55,211668.71,319744.66,200990.34
22-11-2025,2025,11,4,5,104,Mumbai Store,1006,Printer,206796.31,386,535.74,139240.47,282304.05,190203.52
23-11-2025,2025,11,4,6,108,Ahmedabad Store,1005,Mouse,211756.95,340,622.81,206796.31,347333.82,170835.3957
24-11-2025,2025,11,4,0,106,Pune Store,1009,Mobile,195436.29,284,688.16,211756.95,162487.42,175542.3771
25-11-2025,2025,11,4,1,105,Delhi Store,1012,Speaker,197721.54,282,701.14,195436.29,105215.19,188757.57
26-11-2025,2025,11,4,2,102,Hyderabad Store,1003,Monitor,166857.24,285,585.46,197721.54,158682.72,189925.3586
27-11-2025,2025,11,4,3,106,Pune Store,1002,Desktop,302120.35,506,597.08,166857.24,211668.71,202847.0214
28-11-2025,2025,11,4,4,107,Kolkata Store,1020,Microphone,174735.48,303,576.68,302120.35,139240.47,207917.7371
29-11-2025,2025,11,4,5,109,Jaipur Store,1016,Router,208015.43,323,644.01,174735.48,206796.31,208091.8971
30-11-2025,2025,11,4,6,108,Ahmedabad Store,1020,Microphone,209689.6,354,592.34,208015.43,211756.95,207796.5614
01-12-2025,2025,12,4,0,103,Chennai Store,1008,Tablet,191970.8,340,564.62,209689.6,195436.29,207301.4914
02-12-2025,2025,12,4,1,109,Jaipur Store,1020,Microphone,120616.94,182,662.73,191970.8,197721.54,196286.5486
03-12-2025,2025,12,4,2,105,Delhi Store,1016,Router,143541.09,268,535.6,120616.94,166857.24,192955.67
04-12-2025,2025,12,4,3,101,Bangalore Store,1018,Projector,157584.86,227,694.21,143541.09,302120.35,172307.7429
05-12-2025,2025,12,4,4,103,Chennai Store,1020,Microphone,256753.85,508,505.42,157584.86,174735.48,184024.6529
06-12-2025,2025,12,4,5,103,Chennai Store,1011,Headphones,263472.28,480,548.9,256753.85,208015.43,191947.06
07-12-2025,2025,12,4,6,110,Kochi Store,1006,Printer,249341.92,379,657.89,263472.28,209689.6,197611.6771
08-12-2025,2025,12,4,0,106,Pune Store,1003,Monitor,183776.74,286,642.58,249341.92,191970.8,196441.0971
09-12-2025,2025,12,4,1,105,Delhi Store,1003,Monitor,202002.32,389,519.29,183776.74,120616.94,208067.58
10-12-2025,2025,12,4,2,102,Hyderabad Store,1010,Smart Watch,158040.18,266,594.14,202002.32,143541.09,210138.8786
11-12-2025,2025,12,4,3,101,Bangalore Store,1014,SSD,327594.46,519,631.2,158040.18,157584.86,234425.9643
12-12-2025,2025,12,4,4,103,Chennai Store,1009,Mobile,282694.51,445,635.27,327594.46,256753.85,238131.7729
13-12-2025,2025,12,4,5,105,Delhi Store,1002,Desktop,175851.34,255,689.61,282694.51,263472.28,225614.4957
14-12-2025,2025,12,4,6,104,Mumbai Store,1018,Projector,304012.29,513,592.62,175851.34,249341.92,233424.5486
15-12-2025,2025,12,4,0,102,Hyderabad Store,1019,Webcam,204305.88,401,509.49,304012.29,183776.74,236357.2829
16-12-2025,2025,12,4,1,109,Jaipur Store,1002,Desktop,264484.35,454,582.56,204305.88,202002.32,245283.2871
17-12-2025,2025,12,4,2,109,Jaipur Store,1003,Monitor,206508,408,506.15,264484.35,158040.18,252207.2614
18-12-2025,2025,12,4,3,101,Bangalore Store,1004,Keyboard,157046.59,260,604.03,206508,327594.46,227843.28
19-12-2025,2025,12,4,4,104,Mumbai Store,1020,Microphone,299895.26,487,615.8,157046.59,282694.51,230300.53
20-12-2025,2025,12,4,5,103,Chennai Store,1007,Scanner,303102.15,518,585.14,299895.26,175851.34,248479.2171
21-12-2025,2025,12,4,6,105,Delhi Store,1002,Desktop,225760.38,390,578.87,303102.15,304012.29,237300.3729
22-12-2025,2025,12,4,0,105,Delhi Store,1010,Smart Watch,202470.9,297,681.72,225760.38,204305.88,237038.2329
23-12-2025,2025,12,4,1,102,Hyderabad Store,1005,Mouse,307393.49,447,687.68,202470.9,264484.35,243168.11
24-12-2025,2025,12,4,2,105,Delhi Store,1020,Microphone,146399.37,210,697.14,307393.49,206508,234581.1629
25-12-2025,2025,12,4,3,102,Hyderabad Store,1020,Microphone,254153.3,374,679.55,146399.37,157046.59,248453.55
26-12-2025,2025,12,4,4,106,Pune Store,1010,Smart Watch,413226.67,598,691.01,254153.3,299895.26,264643.7514
27-12-2025,2025,12,4,5,101,Bangalore Store,1009,Mobile,478390.43,906,528.02,413226.67,303102.15,289684.9343
28-12-2025,2025,12,4,6,101,Bangalore Store,1010,Smart Watch,285339.15,548,520.69,478390.43,225760.38,298196.1871
29-12-2025,2025,12,4,0,107,Kolkata Store,1002,Desktop,241484.08,417,579.1,285339.15,202470.9,303769.4986
30-12-2025,2025,12,4,1,101,Bangalore Store,1013,Camera,274560.91,457,600.79,241484.08,307393.49,299079.13
31-12-2025,2025,12,4,2,108,Ahmedabad Store,1013,Camera,240241.23,395,608.21,274560.91,146399.37,312485.11
01-01-2026,2026,1,1,3,103,Chennai Store,1003,Monitor,291335.87,523,557.05,240241.23,254153.3,317796.9057
02-01-2026,2026,1,1,4,104,Mumbai Store,1011,Headphones,325107.15,548,593.26,291335.87,413226.67,305208.4029
03-01-2026,2026,1,1,5,106,Pune Store,1008,Tablet,104461.49,170,614.48,325107.15,478390.43,251789.9829
04-01-2026,2026,1,1,6,101,Bangalore Store,1008,Tablet,290371.29,428,678.44,104461.49,285339.15,252508.86
05-01-2026,2026,1,1,0,103,Chennai Store,1017,UPS,122744.24,183,670.73,290371.29,241484.08,235546.0257
06-01-2026,2026,1,1,1,109,Jaipur Store,1018,Projector,100340.28,200,501.7,122744.24,274560.91,210657.3643
07-01-2026,2026,1,1,2,106,Pune Store,1013,Camera,238561.35,449,531.32,100340.28,240241.23,210417.3814
08-01-2026,2026,1,1,3,102,Hyderabad Store,1011,Headphones,100807.6,147,685.77,238561.35,291335.87,183199.0571
09-01-2026,2026,1,1,4,109,Jaipur Store,1008,Tablet,164069.47,267,614.49,100807.6,325107.15,160193.6743
10-01-2026,2026,1,1,5,106,Pune Store,1020,Microphone,110177.06,180,612.09,164069.47,104461.49,161010.1843
11-01-2026,2026,1,1,6,108,Ahmedabad Store,1003,Monitor,201487,394,511.39,110177.06,290371.29,148312.4286
12-01-2026,2026,1,1,0,109,Jaipur Store,1015,Hard Disk,209727.65,330,635.54,201487,122744.24,160738.63
13-01-2026,2026,1,1,1,108,Ahmedabad Store,1014,SSD,251872.87,428,588.49,209727.65,100340.28,182386.1429
14-01-2026,2026,1,1,2,106,Pune Store,1013,Camera,107609.26,158,681.07,251872.87,238561.35,163678.7014
15-01-2026,2026,1,1,3,102,Hyderabad Store,1015,Hard Disk,248381.09,370,671.3,107609.26,100807.6,184760.6286
16-01-2026,2026,1,1,4,105,Delhi Store,1001,Laptop,155264.49,297,522.78,248381.09,164069.47,183502.7743
17-01-2026,2026,1,1,5,107,Kolkata Store,1012,Speaker,310171.98,512,605.8,155264.49,110177.06,212073.4771
18-01-2026,2026,1,1,6,110,Kochi Store,1016,Router,322935.33,466,692.99,310171.98,201487,229423.2386
19-01-2026,2026,1,1,0,104,Mumbai Store,1008,Tablet,218820.45,429,510.07,322935.33,209727.65,230722.21
20-01-2026,2026,1,1,1,105,Delhi Store,1014,SSD,125090.77,244,512.67,218820.45,251872.87,212610.4814
21-01-2026,2026,1,1,2,109,Jaipur Store,1020,Microphone,252221.92,493,511.61,125090.77,107609.26,233269.4329
22-01-2026,2026,1,1,3,101,Bangalore Store,1014,SSD,244519.2,471,519.15,252221.92,248381.09,232717.7343
23-01-2026,2026,1,1,4,103,Chennai Store,1006,Printer,318150.94,521,610.65,244519.2,155264.49,255987.2271
24-01-2026,2026,1,1,5,104,Mumbai Store,1020,Microphone,193014.35,360,536.15,318150.94,310171.98,239250.4229
25-01-2026,2026,1,1,6,106,Pune Store,1008,Tablet,93813.1,136,689.8,193014.35,322935.33,206518.6757
26-01-2026,2026,1,1,0,109,Jaipur Store,1013,Camera,153607.99,299,513.74,93813.1,218820.45,197202.61
27-01-2026,2026,1,1,1,103,Chennai Store,1005,Mouse,196749.7,376,523.27,153607.99,125090.77,207439.6
28-01-2026,2026,1,1,2,102,Hyderabad Store,1018,Projector,101068.32,184,549.28,196749.7,252221.92,185846.2286
29-01-2026,2026,1,1,3,103,Chennai Store,1013,Camera,309106.12,469,659.07,101068.32,244519.2,195072.9314
30-01-2026,2026,1,1,4,104,Mumbai Store,1019,Webcam,111158.48,162,686.16,309106.12,318150.94,165502.58
31-01-2026,2026,1,1,5,101,Bangalore Store,1018,Projector,115294.66,207,556.98,111158.48,193014.35,154399.7671
01-02-2026,2026,2,1,6,106,Pune Store,1013,Camera,219293.86,401,546.87,115294.66,93813.1,172325.59
02-02-2026,2026,2,1,0,106,Pune Store,1015,Hard Disk,193311.42,328,589.36,219293.86,153607.99,177997.5086
03-02-2026,2026,2,1,1,105,Delhi Store,1020,Microphone,154371.43,254,607.76,193311.42,196749.7,171943.47
04-02-2026,2026,2,1,2,101,Bangalore Store,1013,Camera,297697.81,460,647.17,154371.43,101068.32,200033.3971
05-02-2026,2026,2,1,3,110,Kochi Store,1003,Monitor,242575.16,365,664.59,297697.81,309106.12,190528.9743
06-02-2026,2026,2,1,4,104,Mumbai Store,1017,UPS,257481.68,452,569.65,242575.16,111158.48,211432.2886
07-02-2026,2026,2,1,5,110,Kochi Store,1004,Keyboard,253346.18,403,628.65,257481.68,115294.66,231153.9343
08-02-2026,2026,2,1,6,108,Ahmedabad Store,1004,Keyboard,167668.24,276,607.49,253346.18,219293.86,223778.8457
09-02-2026,2026,2,1,0,109,Jaipur Store,1020,Microphone,294205.98,451,652.34,167668.24,193311.42,238192.3543
10-02-2026,2026,2,1,1,110,Kochi Store,1007,Scanner,234878.03,368,638.26,294205.98,154371.43,249693.2971
11-02-2026,2026,2,1,2,106,Pune Store,1010,Smart Watch,163229.53,300,544.1,234878.03,297697.81,230483.5429
12-02-2026,2026,2,1,3,104,Mumbai Store,1011,Headphones,200509.97,385,520.81,163229.53,242575.16,224474.23
13-02-2026,2026,2,1,4,104,Mumbai Store,1018,Projector,153100.83,232,659.92,200509.97,257481.68,209562.68
14-02-2026,2026,2,1,5,108,Ahmedabad Store,1011,Headphones,282954.22,436,648.98,153100.83,253346.18,213792.4
15-02-2026,2026,2,1,6,110,Kochi Store,1012,Speaker,293770.32,527,557.44,282954.22,167668.24,231806.9829
16-02-2026,2026,2,1,0,105,Delhi Store,1018,Projector,195522.07,318,614.85,293770.32,294205.98,217709.2814
17-02-2026,2026,2,1,1,109,Jaipur Store,1012,Speaker,101295.75,164,617.66,195522.07,234878.03,198626.0986
18-02-2026,2026,2,1,2,104,Mumbai Store,1010,Smart Watch,167262.68,288,580.77,101295.75,163229.53,199202.2629
19-02-2026,2026,2,1,3,108,Ahmedabad Store,1002,Desktop,195847.63,334,586.37,167262.68,200509.97,198536.2143
20-02-2026,2026,2,1,4,101,Bangalore Store,1017,UPS,141058.85,250,564.24,195847.63,153100.83,196815.9314
21-02-2026,2026,2,1,5,110,Kochi Store,1005,Mouse,356107.08,621,573.44,141058.85,282954.22,207266.34
22-02-2026,2026,2,1,6,102,Hyderabad Store,1016,Router,242439.91,363,667.88,356107.08,293770.32,199933.4243
23-02-2026,2026,2,1,0,106,Pune Store,1010,Smart Watch,294034.72,425,691.85,242439.91,195522.07,214006.66
24-02-2026,2026,2,1,1,107,Kolkata Store,1020,Microphone,240044.01,373,643.55,294034.72,101295.75,233827.84
25-02-2026,2026,2,1,2,108,Ahmedabad Store,1008,Tablet,305464.69,595,513.39,240044.01,167262.68,253570.9843
26-02-2026,2026,2,1,3,109,Jaipur Store,1008,Tablet,281113.31,431,652.24,305464.69,195847.63,265751.7957
27-02-2026,2026,2,1,4,108,Ahmedabad Store,1003,Monitor,227863.34,451,505.24,281113.31,141058.85,278152.4371
28-02-2026,2026,2,1,5,107,Kolkata Store,1020,Microphone,189076.61,292,647.52,227863.34,356107.08,254290.9414
01-03-2026,2026,3,1,6,105,Delhi Store,1019,Webcam,135344.81,207,653.84,189076.61,242439.91,238991.6414
02-03-2026,2026,3,1,0,109,Jaipur Store,1004,Keyboard,144286.83,264,546.54,135344.81,294034.72,217599.0857
03-03-2026,2026,3,1,1,108,Ahmedabad Store,1018,Projector,185587.79,295,629.11,144286.83,240044.01,209819.6257
04-03-2026,2026,3,1,2,107,Kolkata Store,1016,Router,307717.42,507,606.94,185587.79,305464.69,210141.4443
05-03-2026,2026,3,1,3,108,Ahmedabad Store,1006,Printer,119698.6,236,507.2,307717.42,281113.31,187082.2
06-03-2026,2026,3,1,4,105,Delhi Store,1016,Router,145012.7,238,609.3,119698.6,227863.34,175246.3943
07-03-2026,2026,3,1,5,106,Pune Store,1019,Webcam,346821.41,561,618.22,145012.7,189076.61,197781.3657
08-03-2026,2026,3,1,6,101,Bangalore Store,1013,Camera,329263.22,498,661.17,346821.41,135344.81,225483.9957
09-03-2026,2026,3,1,0,104,Mumbai Store,1006,Printer,272052.82,517,526.21,329263.22,144286.83,243736.28
10-03-2026,2026,3,1,1,105,Delhi Store,1003,Monitor,240745.64,349,689.82,272052.82,185587.79,251615.9729
11-03-2026,2026,3,1,2,109,Jaipur Store,1020,Microphone,140411.26,226,621.29,240745.64,307717.42,227715.0929
12-03-2026,2026,3,1,3,102,Hyderabad Store,1015,Hard Disk,166307.02,263,632.35,140411.26,119698.6,234373.4386
13-03-2026,2026,3,1,4,110,Kochi Store,1016,Router,277411.7,520,533.48,166307.02,145012.7,253287.5814
14-03-2026,2026,3,1,5,109,Jaipur Store,1019,Webcam,267024.53,511,522.55,277411.7,346821.41,241888.0271
15-03-2026,2026,3,1,6,106,Pune Store,1017,UPS,247787.02,419,591.38,267024.53,329263.22,230248.57
16-03-2026,2026,3,1,0,103,Chennai Store,1001,Laptop,168778.86,253,667.11,247787.02,272052.82,215495.1471
17-03-2026,2026,3,1,1,108,Ahmedabad Store,1015,Hard Disk,223483.15,319,700.57,168778.86,240745.64,213029.0771
18-03-2026,2026,3,1,2,107,Kolkata Store,1003,Monitor,215910.65,336,642.59,223483.15,140411.26,223814.7043
19-03-2026,2026,3,1,3,105,Delhi Store,1003,Monitor,186141.5,290,641.87,215910.65,166307.02,226648.2014
20-03-2026,2026,3,1,4,104,Mumbai Store,1012,Speaker,218230.03,378,577.33,186141.5,277411.7,218193.6771
21-03-2026,2026,3,1,5,102,Hyderabad Store,1019,Webcam,302178,440,686.77,218230.03,267024.53,223215.6014
22-03-2026,2026,3,1,6,102,Hyderabad Store,1014,SSD,295611.23,429,689.07,302178,247787.02,230047.6314
23-03-2026,2026,3,1,0,103,Chennai Store,1019,Webcam,136059.89,222,612.88,295611.23,168778.86,225373.4929
24-03-2026,2026,3,1,1,109,Jaipur Store,1008,Tablet,283407.44,436,650.02,136059.89,223483.15,233934.1057
25-03-2026,2026,3,1,2,109,Jaipur Store,1019,Webcam,311704.77,591,527.42,283407.44,215910.65,247618.98
26-03-2026,2026,3,1,3,104,Mumbai Store,1013,Camera,277221.67,444,624.37,311704.77,186141.5,260630.4329
27-03-2026,2026,3,1,4,107,Kolkata Store,1019,Webcam,139373.31,204,683.2,277221.67,218230.03,249365.1871
28-03-2026,2026,3,1,5,104,Mumbai Store,1008,Tablet,102885.19,166,619.79,139373.31,302178,220894.7857
29-03-2026,2026,3,1,6,104,Mumbai Store,1014,SSD,174167.58,250,696.67,102885.19,295611.23,203545.6929
30-03-2026,2026,3,1,0,104,Mumbai Store,1008,Tablet,192157.71,287,669.54,174167.58,136059.89,211559.6671
31-03-2026,2026,3,1,1,108,Ahmedabad Store,1016,Router,208638.01,408,511.37,192157.71,283407.44,200878.32
01-04-2026,2026,4,2,2,103,Chennai Store,1011,Headphones,332012.18,584,568.51,208638.01,311704.77,203779.3786
02-04-2026,2026,4,2,3,104,Mumbai Store,1005,Mouse,115699.46,168,688.69,332012.18,277221.67,180704.7771
03-04-2026,2026,4,2,4,109,Jaipur Store,1004,Keyboard,128861.61,254,507.33,115699.46,139373.31,179203.1057
04-04-2026,2026,4,2,5,107,Kolkata Store,1015,Hard Disk,258935.82,474,546.28,128861.61,102885.19,201496.0529
05-04-2026,2026,4,2,6,109,Jaipur Store,1019,Webcam,264771.24,509,520.18,258935.82,174167.58,214439.4329
06-04-2026,2026,4,2,0,103,Chennai Store,1006,Printer,251162.55,359,699.62,264771.24,192157.71,222868.6957
07-04-2026,2026,4,2,1,104,Mumbai Store,1012,Speaker,211720.43,320,661.63,251162.55,208638.01,223309.0414
08-04-2026,2026,4,2,2,107,Kolkata Store,1009,Mobile,217401.25,333,652.86,211720.43,332012.18,206936.0514
09-04-2026,2026,4,2,3,102,Hyderabad Store,1017,UPS,160611.2,252,637.35,217401.25,115699.46,213352.0143
10-04-2026,2026,4,2,4,103,Chennai Store,1010,Smart Watch,189458.41,316,599.55,160611.2,128861.61,222008.7
11-04-2026,2026,4,2,5,108,Ahmedabad Store,1014,SSD,186265.22,291,640.09,189458.41,258935.82,211627.1857
12-04-2026,2026,4,2,6,106,Pune Store,1017,UPS,121557.91,187,650.04,186265.22,264771.24,191168.1386
13-04-2026,2026,4,2,0,101,Bangalore Store,1007,Scanner,239950.87,396,605.94,121557.91,251162.55,189566.47
14-04-2026,2026,4,2,1,106,Pune Store,1009,Mobile,101596.34,196,518.35,239950.87,211720.43,173834.4571
15-04-2026,2026,4,2,2,108,Ahmedabad Store,1019,Webcam,257727.53,402,641.11,101596.34,217401.25,179595.3543
16-04-2026,2026,4,2,3,103,Chennai Store,1011,Headphones,124084.24,204,608.26,257727.53,160611.2,174377.2171
17-04-2026,2026,4,2,4,103,Chennai Store,1012,Speaker,267418.25,523,511.32,124084.24,189458.41,185514.3371
18-04-2026,2026,4,2,5,101,Bangalore Store,1013,Camera,379720.34,748,507.65,267418.25,186265.22,213150.7829
19-04-2026,2026,4,2,6,109,Jaipur Store,1014,SSD,128215.21,189,678.39,379720.34,121557.91,214101.8257
20-04-2026,2026,4,2,0,104,Mumbai Store,1018,Projector,192795.7,307,628,128215.21,239950.87,207365.3729
21-04-2026,2026,4,2,1,104,Mumbai Store,1018,Projector,161337.66,276,584.56,192795.7,101596.34,215899.8471
22-04-2026,2026,4,2,2,101,Bangalore Store,1001,Laptop,155297.41,233,666.51,161337.66,257727.53,201266.9729
23-04-2026,2026,4,2,3,102,Hyderabad Store,1009,Mobile,286856.06,521,550.59,155297.41,124084.24,224520.09
24-04-2026,2026,4,2,4,106,Pune Store,1009,Mobile,289976.09,416,697.06,286856.06,267418.25,227742.6386
25-04-2026,2026,4,2,5,105,Delhi Store,1002,Desktop,310101.12,618,501.78,289976.09,379720.34,217797.0357
26-04-2026,2026,4,2,6,101,Bangalore Store,1009,Mobile,169119.43,305,554.49,310101.12,128215.21,223640.4957
27-04-2026,2026,4,2,0,110,Kochi Store,1005,Mouse,178201.32,273,652.75,169119.43,192795.7,221555.5843
28-04-2026,2026,4,2,1,107,Kolkata Store,1006,Printer,281950.28,471,598.62,178201.32,161337.66,238785.9586
29-04-2026,2026,4,2,2,107,Kolkata Store,1009,Mobile,219595.22,361,608.3,281950.28,155297.41,247971.36
30-04-2026,2026,4,2,3,102,Hyderabad Store,1003,Monitor,215152.57,382,563.23,219595.22,286856.06,237728.0043
01-05-2026,2026,5,2,4,107,Kolkata Store,1008,Tablet,122901.32,221,556.11,215152.57,289976.09,213860.18
02-05-2026,2026,5,2,5,106,Pune Store,1004,Keyboard,219334.06,321,683.28,122901.32,310101.12,200893.4571
03-05-2026,2026,5,2,6,105,Delhi Store,1007,Scanner,277109.03,428,647.45,219334.06,169119.43,216320.5429
04-05-2026,2026,5,2,0,103,Chennai Store,1010,Smart Watch,247193.61,395,625.81,277109.03,178201.32,226176.5843
05-05-2026,2026,5,2,1,101,Bangalore Store,1017,UPS,222913.48,330,675.5,247193.61,281950.28,217742.7557
06-05-2026,2026,5,2,2,104,Mumbai Store,1012,Speaker,115212.89,189,609.59,222913.48,219595.22,202830.9943
07-05-2026,2026,5,2,3,102,Hyderabad Store,1005,Mouse,261639.04,480,545.08,115212.89,215152.57,209471.9186
08-05-2026,2026,5,2,4,104,Mumbai Store,1014,SSD,134406.22,244,550.85,261639.04,122901.32,211115.4757
09-05-2026,2026,5,2,5,106,Pune Store,1015,Hard Disk,136854.39,219,624.91,134406.22,219334.06,199332.6657
10-05-2026,2026,5,2,6,105,Delhi Store,1010,Smart Watch,225659.29,324,696.48,136854.39,277109.03,191982.7029
11-05-2026,2026,5,2,0,102,Hyderabad Store,1009,Mobile,192284.46,298,645.25,225659.29,247193.61,184138.5386
12-05-2026,2026,5,2,1,106,Pune Store,1004,Keyboard,224384.84,339,661.9,192284.46,222913.48,184348.7329
13-05-2026,2026,5,2,2,106,Pune Store,1019,Webcam,234043.5,400,585.11,224384.84,115212.89,201324.5343
14-05-2026,2026,5,2,3,105,Delhi Store,1012,Speaker,243837.03,412,591.84,234043.5,261639.04,198781.39
15-05-2026,2026,5,2,4,108,Ahmedabad Store,1003,Monitor,215476.18,317,679.74,243837.03,134406.22,210362.8129
16-05-2026,2026,5,2,5,101,Bangalore Store,1003,Monitor,312783.51,480,651.63,215476.18,136854.39,235495.5443
17-05-2026,2026,5,2,6,110,Kochi Store,1019,Webcam,169108.23,335,504.8,312783.51,225659.29,227416.8214
18-05-2026,2026,5,2,0,101,Bangalore Store,1005,Mouse,139131.49,235,592.05,169108.23,192284.46,219823.54
19-05-2026,2026,5,2,1,105,Delhi Store,1002,Desktop,230584.5,355,649.53,139131.49,224384.84,220709.2057
20-05-2026,2026,5,2,2,106,Pune Store,1011,Headphones,100602.27,193,521.26,230584.5,234043.5,201646.1729
21-05-2026,2026,5,2,3,109,Jaipur Store,1014,SSD,212089.42,328,646.61,100602.27,243837.03,197110.8
22-05-2026,2026,5,2,4,110,Kochi Store,1016,Router,198326.95,290,683.89,212089.42,215476.18,194660.91
23-05-2026,2026,5,2,5,110,Kochi Store,1004,Keyboard,149403.37,229,652.42,198326.95,312783.51,171320.89
24-05-2026,2026,5,2,6,109,Jaipur Store,1019,Webcam,334855.27,576,581.35,149403.37,169108.23,194999.0386
25-05-2026,2026,5,2,0,103,Chennai Store,1015,Hard Disk,224243.8,338,663.44,334855.27,139131.49,207157.94
26-05-2026,2026,5,2,1,109,Jaipur Store,1008,Tablet,217230.48,365,595.15,224243.8,230584.5,205250.2229
27-05-2026,2026,5,2,2,108,Ahmedabad Store,1019,Webcam,145685.85,284,512.98,217230.48,100602.27,211690.7343
28-05-2026,2026,5,2,3,107,Kolkata Store,1016,Router,307630.27,459,670.22,145685.85,212089.42,225339.4271
29-05-2026,2026,5,2,4,103,Chennai Store,1010,Smart Watch,135223.49,195,693.45,307630.27,198326.95,216324.6471
30-05-2026,2026,5,2,5,109,Jaipur Store,1003,Monitor,306129.82,462,662.62,135223.49,149403.37,238714.14
31-05-2026,2026,5,2,6,103,Chennai Store,1018,Projector,336872.87,636,529.67,306129.82,334855.27,239002.3686
01-06-2026,2026,6,2,0,107,Kolkata Store,1003,Monitor,300366.28,467,643.18,336872.87,224243.8,249877.0086
02-06-2026,2026,6,2,1,105,Delhi Store,1013,Camera,272798.63,435,627.12,300366.28,217230.48,257815.3157
03-06-2026,2026,6,2,2,101,Bangalore Store,1004,Keyboard,128707.71,241,534.06,272798.63,145685.85,255389.8671
04-06-2026,2026,6,2,3,104,Mumbai Store,1006,Printer,182931.16,266,687.71,128707.71,307630.27,237575.7086
05-06-2026,2026,6,2,4,102,Hyderabad Store,1013,Camera,252825.53,447,565.61,182931.16,135223.49,254376
06-06-2026,2026,6,2,5,108,Ahmedabad Store,1017,UPS,299051.11,497,601.71,252825.53,306129.82,253364.7557
07-06-2026,2026,6,2,6,102,Hyderabad Store,1002,Desktop,291137.13,546,533.22,299051.11,336872.87,246831.0786
08-06-2026,2026,6,2,0,107,Kolkata Store,1003,Monitor,327557.99,591,554.24,291137.13,300366.28,250715.6086
09-06-2026,2026,6,2,1,106,Pune Store,1007,Scanner,143681.41,218,659.09,327557.99,272798.63,232270.2914
10-06-2026,2026,6,2,2,105,Delhi Store,1013,Camera,187509.67,357,525.24,143681.41,128707.71,240670.5714
11-06-2026,2026,6,2,3,106,Pune Store,1017,UPS,306290.23,601,509.63,187509.67,182931.16,258293.2957
12-06-2026,2026,6,2,4,104,Mumbai Store,1008,Tablet,227815.07,444,513.1,306290.23,252825.53,254720.3729
13-06-2026,2026,6,2,5,102,Hyderabad Store,1014,SSD,353580.25,668,529.31,227815.07,299051.11,262510.25
14-06-2026,2026,6,2,6,104,Mumbai Store,1013,Camera,339800.74,549,618.94,353580.25,291137.13,269462.1943
15-06-2026,2026,6,2,0,102,Hyderabad Store,1018,Projector,270183.83,493,548.04,339800.74,327557.99,261265.8857
16-06-2026,2026,6,2,1,109,Jaipur Store,1017,UPS,98446.59,183,537.96,270183.83,143681.41,254803.7686
17-06-2026,2026,6,2,2,101,Bangalore Store,1018,Projector,164687.53,265,621.46,98446.59,187509.67,251543.4629
18-06-2026,2026,6,2,3,109,Jaipur Store,1001,Laptop,164993.22,245,673.44,164687.53,306290.23,231358.1757
19-06-2026,2026,6,2,4,104,Mumbai Store,1004,Keyboard,326412.6,468,697.46,164993.22,227815.07,245443.5371
20-06-2026,2026,6,2,5,108,Ahmedabad Store,1012,Speaker,152947.49,233,656.43,326412.6,353580.25,216781.7143
21-06-2026,2026,6,2,6,101,Bangalore Store,1010,Smart Watch,134501.19,262,513.36,152947.49,339800.74,187453.2071
22-06-2026,2026,6,2,0,105,Delhi Store,1001,Laptop,110617.3,211,524.25,134501.19,270183.83,164657.9886
23-06-2026,2026,6,2,1,109,Jaipur Store,1020,Microphone,254435.67,424,600.08,110617.3,98446.59,186942.1429
24-06-2026,2026,6,2,2,106,Pune Store,1016,Router,241327.14,441,547.23,254435.67,164687.53,197890.6586
25-06-2026,2026,6,2,3,102,Hyderabad Store,1014,SSD,104361.15,203,514.09,241327.14,164993.22,189228.9343
26-06-2026,2026,6,2,4,102,Hyderabad Store,1005,Mouse,307824.77,484,636,104361.15,326412.6,186573.53
27-06-2026,2026,6,2,5,109,Jaipur Store,1006,Printer,325326.82,543,599.13,307824.77,152947.49,211199.1486
28-06-2026,2026,6,2,6,107,Kolkata Store,1013,Camera,175034.59,327,535.27,325326.82,134501.19,216989.6343
29-06-2026,2026,6,2,0,102,Hyderabad Store,1003,Monitor,211395.28,401,527.17,175034.59,110617.3,231386.4886
30-06-2026,2026,6,2,1,108,Ahmedabad Store,1001,Laptop,184771.12,360,513.25,211395.28,254435.67,221434.41
01-07-2026,2026,7,3,2,109,Jaipur Store,1017,UPS,159358.56,278,573.23,184771.12,241327.14,209724.6129
02-07-2026,2026,7,3,3,105,Delhi Store,1006,Printer,92956.5,145,641.08,159358.56,104361.15,208095.3771
03-07-2026,2026,7,3,4,110,Kochi Store,1003,Monitor,174304.33,341,511.16,92956.5,307824.77,189021.0286
04-07-2026,2026,7,3,5,106,Pune Store,1020,Microphone,170719.63,248,688.39,174304.33,325326.82,166934.2871
05-07-2026,2026,7,3,6,110,Kochi Store,1006,Printer,262547.14,389,674.93,170719.63,175034.59,179436.08
06-07-2026,2026,7,3,0,101,Bangalore Store,1008,Tablet,228718.24,341,670.73,262547.14,211395.28,181910.7886
07-07-2026,2026,7,3,1,109,Jaipur Store,1002,Desktop,168173.96,257,654.37,228718.24,184771.12,179539.7657
08-07-2026,2026,7,3,2,101,Bangalore Store,1007,Scanner,167161.83,308,542.73,168173.96,159358.56,180654.5186
09-07-2026,2026,7,3,3,105,Delhi Store,1004,Keyboard,297250.3,451,659.09,167161.83,92956.5,209839.3471
10-07-2026,2026,7,3,4,108,Ahmedabad Store,1001,Laptop,169220.76,303,558.48,297250.3,174304.33,209113.1229
11-07-2026,2026,7,3,5,104,Mumbai Store,1008,Tablet,151433.75,231,655.56,169220.76,170719.63,206357.9971
12-07-2026,2026,7,3,6,107,Kolkata Store,1012,Speaker,270959.26,428,633.08,151433.75,262547.14,207559.7286
13-07-2026,2026,7,3,0,108,Ahmedabad Store,1020,Microphone,316442.35,607,521.32,270959.26,228718.24,220091.7443
14-07-2026,2026,7,3,1,109,Jaipur Store,1017,UPS,122251.14,178,686.8,316442.35,168173.96,213531.3414
15-07-2026,2026,7,3,2,110,Kochi Store,1010,Smart Watch,141373.35,207,682.96,122251.14,167161.83,209847.2729
16-07-2026,2026,7,3,3,108,Ahmedabad Store,1008,Tablet,168365.02,298,564.98,141373.35,297250.3,191435.09
17-07-2026,2026,7,3,4,101,Bangalore Store,1015,Hard Disk,191649.67,344,557.12,168365.02,169220.76,194639.22
18-07-2026,2026,7,3,5,109,Jaipur Store,1014,SSD,119631.39,198,604.2,191649.67,151433.75,190096.0257
19-07-2026,2026,7,3,6,108,Ahmedabad Store,1001,Laptop,310030.72,553,560.63,119631.39,270959.26,195677.6629
20-07-2026,2026,7,3,0,110,Kochi Store,1014,SSD,133446.63,193,691.43,310030.72,316442.35,169535.4171
21-07-2026,2026,7,3,1,102,Hyderabad Store,1014,SSD,184686.89,367,503.23,133446.63,122251.14,178454.81
22-07-2026,2026,7,3,2,106,Pune Store,1008,Tablet,91338.62,158,578.09,184686.89,141373.35,171306.9914
23-07-2026,2026,7,3,3,102,Hyderabad Store,1011,Headphones,227367.74,401,567,91338.62,168365.02,179735.9514
24-07-2026,2026,7,3,4,103,Chennai Store,1016,Router,282532.06,491,575.42,227367.74,191649.67,192719.15
25-07-2026,2026,7,3,5,105,Delhi Store,1018,Projector,135472.18,220,615.78,282532.06,119631.39,194982.12
26-07-2026,2026,7,3,6,102,Hyderabad Store,1017,UPS,316470.08,478,662.07,135472.18,310030.72,195902.0286
27-07-2026,2026,7,3,0,107,Kolkata Store,1008,Tablet,158960.11,268,593.13,316470.08,133446.63,199546.8114
28-07-2026,2026,7,3,1,101,Bangalore Store,1011,Headphones,156584.06,264,593.12,158960.11,184686.89,195532.1214
29-07-2026,2026,7,3,2,106,Pune Store,1012,Speaker,85907.6,131,655.78,156584.06,91338.62,194756.2614
30-07-2026,2026,7,3,3,110,Kochi Store,1011,Headphones,202578.36,358,565.86,85907.6,227367.74,191214.9214
31-07-2026,2026,7,3,4,107,Kolkata Store,1008,Tablet,180244.05,290,621.53,202578.36,282532.06,176602.3486
,,,,,,,,,,,,,,
,,,,,,,,,,,,,,
,,,,,,,,,,,,,,
,,,,,,,,,,,,,,
,,,,,,,,,,,,,,
,,,,,,,,,,,,,,
,,,,,,,,,,,,,,
,,,,,,,,,,,,,,
,,,,,,,,,,,,,,
,,,,,,,,,,,,,,
,,,,,,,,,,,,,,
,,,,,,,,,,,,,,
,,,,,,,,,,,,,,
,,,,,,,,,,,,,,
,,,,,,,,,,,,,,
,,,,,,,,,,,,,,
,,,,,,,,,,,,,,
,,,,,,,,,,,,,,
,,,,,,,,,,,,,,
,,,,,,,,,,,,,,
,,,,,,,,,,,,,,
,,,,,,,,,,,,,,
,,,,,,,,,,,,,,
,,,,,,,,,,,,,,
,,,,,,,,,,,,,,
,,,,,,,,,,,,,,
,,,,,,,,,,,,,,
,,,,,,,,,,,,,,
,,,,,,,,,,,,,,
,,,,,,,,,,,,,,
,,,,,,,,,,,,,,
,,,,,,,,,,,,,,
,,,,,,,,,,,,,,
,,,,,,,,,,,,,,
,,,,,,,,,,,,,,
,,,,,,,,,,,,,,
,,,,,,,,,,,,,,
,,,,,,,,,,,,,,
,,,,,,,,,,,,,,
,,,,,,,,,,,,,,
,,,,,,,,,,,,,,
,,,,,,,,,,,,,,
,,,,,,,,,,,,,,
,,,,,,,,,,,,,,
,,,,,,,,,,,,,,
,,,,,,,,,,,,,,
,,,,,,,,,,,,,,
,,,,,,,,,,,,,,
,,,,,,,,,,,,,,
,,,,,,,,,,,,,,
,,,,,,,,,,,,,,
,,,,,,,,,,,,,,
,,,,,,,,,,,,,,
,,,,,,,,,,,,,,
,,,,,,,,,,,,,,
,,,,,,,,,,,,,,
,,,,,,,,,,,,,,
,,,,,,,,,,,,,,
,,,,,,,,,,,,,,
,,,,,,,,,,,,,,
,,,,,,,,,,,,,,
,,,,,,,,,,,,,,
,,,,,,,,,,,,,,
,,,,,,,,,,,,,,
,,,,,,,,,,,,,,
,,,,,,,,,,,,,,
,,,,,,,,,,,,,,
,,,,,,,,,,,,,,
,,,,,,,,,,,,,,
,,,,,,,,,,,,,,
,,,,,,,,,,,,,,
,,,,,,,,,,,,,,
,,,,,,,,,,,,,,
,,,,,,,,,,,,,,
,,,,,,,,,,,,,,
,,,,,,,,,,,,,,
,,,,,,,,,,,,,,
,,,,,,,,,,,,,,
,,,,,,,,,,,,,,
,,,,,,,,,,,,,,
,,,,,,,,,,,,,,
,,,,,,,,,,,,,,
,,,,,,,,,,,,,,
,,,,,,,,,,,,,,
,,,,,,,,,,,,,,
,,,,,,,,,,,,,,
,,,,,,,,,,,,,,
,,,,,,,,,,,,,,
,,,,,,,,,,,,,,
,,,,,,,,,,,,,,
,,,,,,,,,,,,,,
,,,,,,,,,,,,,,
,,,,,,,,,,,,,,
,,,,,,,,,,,,,,
,,,,,,,,,,,,,,
,,,,,,,,,,,,,,
,,,,,,,,,,,,,,
,,,,,,,,,,,,,,
,,,,,,,,,,,,,,
,,,,,,,,,,,,,,
,,,,,,,,,,,,,,
,,,,,,,,,,,,,,
,,,,,,,,,,,,,,
,,,,,,,,,,,,,,
,,,,,,,,,,,,,,
,,,,,,,,,,,,,,
,,,,,,,,,,,,,,
,,,,,,,,,,,,,,
,,,,,,,,,,,,,,
,,,,,,,,,,,,,,
,,,,,,,,,,,,,,
,,,,,,,,,,,,,,
,,,,,,,,,,,,,,
,,,,,,,,,,,,,,
,,,,,,,,,,,,,,
,,,,,,,,,,,,,,
,,,,,,,,,,,,,,
,,,,,,,,,,,,,,
,,,,,,,,,,,,,,
,,,,,,,,,,,,,,
,,,,,,,,,,,,,,
,,,,,,,,,,,,,,
,,,,,,,,,,,,,,
,,,,,,,,,,,,,,
,,,,,,,,,,,,,,
,,,,,,,,,,,,,,
,,,,,,,,,,,,,,
,,,,,,,,,,,,,,
,,,,,,,,,,,,,,
,,,,,,,,,,,,,,
,,,,,,,,,,,,,,
,,,,,,,,,,,,,,
,,,,,,,,,,,,,,
,,,,,,,,,,,,,,
,,,,,,,,,,,,,,
,,,,,,,,,,,,,,
,,,,,,,,,,,,,,
,,,,,,,,,,,,,,
,,,,,,,,,,,,,,
,,,,,,,,,,,,,,
,,,,,,,,,,,,,,
,,,,,,,,,,,,,,
,,,,,,,,,,,,,,
,,,,,,,,,,,,,,
,,,,,,,,,,,,,,
,,,,,,,,,,,,,,
,,,,,,,,,,,,,,
,,,,,,,,,,,,,,
,,,,,,,,,,,,,,
,,,,,,,,,,,,,,
,,,,,,,,,,,,,,
,,,,,,,,,,,,,,
,,,,,,,,,,,,,,
