actual_quantity,predicted_quantity
1,13.896566
36,7.702508
2,3.6804628
5,4.8708277
1,1.1483339
4,3.9961803
1,5.7614307
5,4.8642645
2,2.0121174
4,3.5470524
5,4.9085364
20,3.5336432
2,2.0987132
3,2.8924463
5,2.3311782
1,1.0153275
2,2.2036872
2,7.6598926
1,1.3773574
2,2.1392426
1,1.108552
1,5.012264
1,1.247927
4,3.4366684
2,1.8788828
3,3.3082747
4,2.40678
3,3.0556698
4,3.8554983
5,4.5542173
22,8.211244
1,1.9613619
1,8.868639
2,1.7954874
3,2.8619754
3,2.8365693
1,0.89103955
2,9.024933
5,4.980864
4,3.8709395
2,5.0092196
3,2.835023
2,4.9914336
3,4.6358066
5,4.67294
2,1.9670156
4,3.5204089
4,4.1478877
4,4.391494
2,9.030038
1,4.728134
2,1.7622393
3,2.8836906
2,2.9225407
1,2.4004447
2,2.1592078
3,2.7479718
1,0.9139072
2,2.0361865
1,0.93433374
3,3.8538663
1,4.219958
1,2.117483
5,5.053952
5,5.084381
5,4.805012
2,3.2790196
1,1.2222266
3,3.8331416
3,3.2965262
1,1.152227
1,1.0918094
23,13.56188
4,3.984857
2,4.3246913
5,4.6058087
3,3.1150749
2,2.109664
2,2.0003653
3,3.0012205
3,2.6447039
2,1.9720653
1,1.0043017
2,5.507115
5,5.2961965
3,10.0985565
1,3.9058871
3,2.9646769
1,1.1095225
3,5.496165
4,3.7265596
2,1.9681703
3,2.9598706
3,2.91637
3,2.9838672
5,4.827179
1,0.7152682
5,4.5844016
1,1.3383754
1,0.9764202
4,2.6798253
2,1.7962354
3,3.3653033
3,3.0708392
2,1.7460169
2,2.0703132
4,3.6428022
1,4.132
4,5.4179597
4,3.1463642
34,33.76598
4,4.0634656
3,2.9864702
1,4.7272882
5,10.042463
3,4.299041
1,1.0082859
2,2.6023662
4,3.9121735
4,3.7839468
2,1.9038973
8,8.915514
3,3.8910937
3,3.194812
3,2.8734784
4,4.9570584
4,3.8256915
5,3.6092896
2,2.0677097
10,2.6856835
4,4.3970847
2,4.4248166
2,2.3504207
1,1.2261388
5,2.1355412
5,5.18697
2,3.366902
2,1.844171
3,3.106172
1,1.2548627
2,2.0676143
1,1.2737805
3,14.018184
1,4.7606597
2,2.0730493
5,4.613113
3,6.1284866
2,1.9348716
10,10.242323
5,4.98867
1,1.0889488
2,5.2135572
15,14.026456
3,2.7676318
5,4.595313
1,3.188963
3,3.1922157
39,41.364513
36,3.950824
4,3.7476366
1,0.8864227
2,2.0506084
4,4.641986
22,4.3777223
3,2.885018
1,9.504892
3,5.796975
4,3.9842021
5,4.9899135
3,3.6820507
4,4.600879
5,4.9304643
3,3.9041395
1,3.9946127
4,9.255428
3,3.9629688
1,1.0083528
5,3.7988257
2,4.6998534
1,2.8436291
5,4.9043126
1,0.9669676
5,4.904808
4,3.954246
3,5.0305142
4,4.015356
1,1.0689043
1,0.7689926
2,2.362787
3,3.4770694
3,2.9179997
2,1.851814
1,1.0550107
1,1.0456861
1,6.095756
2,3.8080912
1,0.9564686
2,2.2511027
1,15.071044
2,1.7813119
4,3.973257
2,2.7840884
4,8.140428
3,3.280562
1,0.8654149
1,5.750451
3,6.110814
2,1.8339859
5,4.8723636
5,4.6761575
4,4.991047
3,3.2841
2,2.3400342
3,5.0381556
2,2.0327165
5,5.021022
5,5.7016435
2,1.9370923
5,4.296123
2,2.0255425
4,2.60758
2,7.714005
4,3.8541422
1,1.1976064
2,4.875339
1,0.99895287
4,6.099849
1,1.1392088
1,3.4254303
3,3.4734423
3,0.7356248
5,3.1902394
2,1.8577853
5,3.6306813
2,5.542708
3,3.0459392
3,5.410873
3,2.8495378
4,3.079396
2,3.4128797
5,3.3042037
8,5.132979
3,2.9481268
2,1.8080006
3,13.093821
5,4.8917737
2,2.1105123
2,2.2917173
1,3.0631468
1,1.3121158
2,1.7647039
3,3.2354913
1,1.1045567
3,3.0962427
2,6.227223
1,1.595889
4,3.9211898
3,5.7361145
4,4.0546384
5,4.749342
4,4.3621616
2,5.041732
1,2.9447162
5,4.8524804
2,1.8699896
1,13.665506
4,3.6614442
25,25.906694
5,6.7056737
2,1.6457998
1,1.1864258
12,4.4406314
4,3.9173846
1,5.864224
3,3.2515683
3,2.934391
1,3.750843
4,3.9863474
4,4.597997
2,3.4975631
2,2.3102324
5,4.4109254
2,2.9703596
2,3.6980743
2,4.0214615
23,22.699472
2,3.7385726
1,4.252721
2,4.3473196
1,0.8297449
32,30.866144
1,0.94273174
3,3.7113428
3,1.47326
2,3.5296092
3,3.143465
1,1.4241188
5,5.1583858
1,1.0894982
2,2.4916008
4,1.7578958
3,3.4289024
37,4.99149
4,2.3015554
5,2.977416
2,2.4921741
5,4.86126
11,3.1413798
5,5.586245
2,1.9964814
2,3.9458184
1,1.1959823
1,1.2338352
1,1.1127815
1,0.92531455
3,1.6826658
5,4.8179145
2,2.2179444
2,1.8880652
5,3.270664
4,4.336184
2,1.857224
2,3.6982644
3,3.2164686
2,1.9093606
1,1.1967213
5,4.988573
3,1.9489838
5,2.9756832
2,2.1981633
3,2.4233594
1,0.92777044
4,3.973131
1,0.88569635
3,3.9303954
2,13.90126
31,30.714401
3,2.760957
3,6.058577
3,4.1660995
1,3.674028
5,4.7237687
4,3.1705225
3,2.976068
1,0.9119539
1,0.6488092
3,3.227625
1,1.1810626
2,3.599127
16,14.967554
3,3.0062542
1,0.97577596
1,1.0631062
5,3.6223319
1,6.5083027
1,1.0402882
1,3.6590118
5,4.8958497
3,2.686762
4,4.1706986
2,6.370609
2,1.9399568
3,3.366303
1,11.290416
5,5.073899
2,2.070417
3,2.7870758
5,4.7830906
2,4.123055
3,3.767346
3,2.9725642
1,1.0529888
1,5.906133
3,4.92111
2,1.8890393
5,5.1096034
2,1.9886862
2,1.8312619
2,9.793011
1,1.1453826
3,3.0764456
1,6.5820594
2,2.1967776
2,2.0882316
1,1.1546154
5,6.133619
1,3.935039
3,3.6077492
4,3.9131765
5,4.8699436
4,3.785961
2,2.0261233
4,2.162619
2,4.3060517
3,3.150958
3,3.0847533
2,3.1335213
3,6.6465225
3,3.1735263
3,4.093765
4,3.709225
4,3.9466043
2,1.9517639
4,5.7607284
1,0.9089947
2,2.0971422
3,7.6656847
3,3.133798
25,24.906273
1,1.1239657
4,3.059582
5,4.848526
5,5.9310145
4,2.7504916
5,4.7166166
2,4.8921523
2,2.011952
2,1.9210618
2,4.898831
4,10.252994
2,1.6077578
3,1.422213
4,5.1579185
4,4.277771
5,5.654554
1,3.306159
2,6.236624
1,0.988595
5,3.3759832
3,3.4327824
4,5.2586255
4,4.0154033
5,4.952312
1,4.855082
5,4.8218937
1,0.9294457
1,1.1204439
3,3.9741948
3,2.8847795
2,1.921157
3,2.9431267
4,4.8550973
2,2.2343352
5,5.1105113
5,4.75394
1,0.96397
2,2.1071994
1,3.0294707
5,4.7188396
3,2.5941267
3,6.9072733
12,11.635682
4,4.4613547
1,1.653829
28,3.4332516
3,3.106053
3,4.4502234
1,1.073845
3,6.41068
5,3.3480363
19,1.6688895
22,21.888252
4,4.492059
2,2.1590865
2,1.8155634
24,5.0556784
1,1.0069407
1,10.871155
10,9.912641
1,5.597672
1,1.4031332
40,4.118033
1,5.58187
3,3.3321912
4,4.1356807
4,3.935988
2,1.7717875
5,3.7909508
1,4.935236
2,1.7377841
5,4.8325834
1,1.2832564
2,3.0116973
29,4.2890167
1,3.0373368
1,0.980873
30,29.779581
3,4.195688
16,16.497679
2,5.940696
1,0.9690646
1,10.081472
4,3.8796444
3,3.9461694
1,1.0742195
1,0.9883162
2,2.000989
33,36.151333
5,4.875535
3,3.4702706
3,2.889403
5,5.178163
1,4.810271
2,1.8011134
2,5.5152016
1,3.867409
4,2.4775012
5,4.5279894
1,2.6967463
2,1.7642804
4,4.1060963
4,3.8352745
15,7.9900317
1,4.368606
1,1.0297594
2,2.1078606
2,3.0990973
3,2.8570738
3,6.0134697
10,10.234004
2,3.051364
3,4.4032974
3,3.907531
1,0.9720733
5,4.088621
3,3.5935786
1,1.4965056
2,1.8921549
5,4.8707886
3,8.746323
40,38.391006
1,0.78012383
3,1.1160061
2,2.2777932
4,3.3038714
3,4.0639877
4,4.036517
3,3.5106473
4,3.1146543
4,3.8406527
5,4.7264934
1,4.908718
2,2.356333
2,1.936381
5,4.8760695
2,4.5868373
2,3.2683158
3,5.867487
2,2.32099
4,9.00154
4,4.115607
1,8.894923
1,0.9075885
3,3.867761
33,5.68528
1,1.014194
5,4.8487244
3,3.8038325
38,8.857309
2,3.1143105
4,3.9687655
1,3.8379164
1,0.85261416
3,3.2951984
2,4.179617
3,7.2206903
3,2.9306264
4,4.0678535
4,4.2731185
3,2.7392633
5,4.7008243
1,4.205063
1,2.373938
4,0.99081296
2,5.194385
4,4.119271
4,5.2043686
2,2.0903456
2,2.176854
34,34.424168
1,1.0334702
2,1.93886
3,4.1833572
1,1.1856021
1,1.0103618
1,2.5117083
2,2.1534388
1,2.9718914
5,4.2903423
5,4.280359
4,4.75776
3,3.809763
2,1.655765
2,1.9007419
5,5.941599
4,4.456886
2,3.1040096
3,2.9546645
1,3.3247223
1,8.1460705
25,25.510857
2,2.6918797
1,0.8646967
2,1.8812424
37,5.2962523
1,1.4022382
3,4.394542
2,1.9510399
4,4.007116
38,37.582584
3,3.000264
4,3.9022272
5,5.0395274
1,6.4412947
5,2.5127497
3,5.0065274
14,14.187468
10,3.5955558
1,1.0272223
5,3.6032026
5,6.7473555
5,5.2084656
3,5.1048837
3,3.074346
5,4.9993906
3,4.2837157
2,6.866341
1,4.541582
2,5.09564
29,28.304138
3,2.9820664
1,0.75710267
3,2.9846642
2,2.0161388
12,11.170975
2,1.8584971
5,4.689483
5,3.3274748
5,3.1008854
5,5.1248794
5,3.8234155
1,0.9476806
1,0.95323116
3,4.1669145
5,4.966741
18,4.4535356
3,2.9699311
1,1.14569
3,4.9263716
4,3.9347718
1,5.8138127
20,2.0906074
3,2.957692
2,1.8663542
4,5.225425
1,1.030393
1,0.8862575
3,3.9039936
3,3.2904198
1,3.3195956
3,3.284047
2,7.269951
4,3.392219
5,4.097398
1,0.74201465
24,7.9670725
3,4.710714
1,3.6599073
4,2.5631886
3,2.9569314
3,3.0400505
2,1.7523682
4,3.859415
28,28.084532
4,4.7088695
2,2.1550286
3,2.8703802
2,2.1056054
5,5.445244
2,2.239031
2,4.77007
3,2.9039834
5,3.581349
2,2.1213956
1,1.4111378
5,1.5765979
3,3.1592765
3,3.8851507
2,2.2017097
3,2.8439493
4,4.0505185
5,4.960641
1,3.6051295
4,3.8353086
2,1.7404686
1,1.1035811
1,8.633791
3,4.0801997
2,11.621108
1,3.7623127
4,4.7177744
3,4.698258
1,0.99774176
2,1.7300013
5,3.8420005
3,4.571323
1,7.7056108
1,4.1323133
5,4.6595006
2,2.141146
2,6.970505
1,0.72730446
28,28.053394
4,3.9093547
1,3.659829
1,5.6445723
3,2.8401315
4,3.4912887
1,0.6280152
2,7.291293
5,4.9183393
1,3.9812245
2,2.8098876
5,4.980639
3,7.663917
26,3.0317652
1,0.91596717
5,4.658417
2,3.7353761
1,1.0759697
1,1.1474124
1,1.0043616
4,2.595252
5,5.0714655
1,1.0808468
3,3.3274622
2,4.821925
5,5.001696
3,3.8001664
2,1.6546547
4,4.0102954
1,4.7627482
34,34.630188
5,2.7707486
2,3.8739765
3,3.5450544
2,2.6023126
2,1.8913946
3,2.9341748
5,4.601629
1,1.0867779
3,4.4957895
2,4.0908256
3,3.7544222
1,0.9122613
4,3.91667
5,5.113187
5,2.3758621
1,5.498446
13,3.2548196
4,4.2106853
3,2.7983558
3,3.4327908
2,2.080927
15,3.8529239
4,3.1987207
2,2.0597456
3,5.1930184
2,1.9754677
4,3.1000397
1,5.237409
4,4.0533442
1,0.98825556
2,1.9266847
3,2.9816778
5,3.097554
4,4.0048785
2,1.9572978
3,2.7464614
2,2.172169
4,3.832333
2,2.0930333
2,2.1848154
5,4.70899
4,4.4930935
3,3.311599
5,5.009721
2,1.9289755
1,4.419753
2,4.1636405
2,1.8240696
1,5.1988564
33,34.54716
4,3.8327327
5,4.552056
4,4.4784837
2,1.793145
4,3.390204
19,3.48587
1,1.011993
16,4.573923
2,3.650453
5,4.967539
5,4.9961605
1,0.9481671
2,3.7040863
1,8.421946
11,3.5114045
3,1.9125559
5,4.3493996
10,9.932449
4,3.6625798
3,5.9298496
4,4.2457027
4,4.073421
5,6.017418
5,4.7035494
2,4.1523237
1,1.5133687
1,1.0199792
5,4.7923803
5,4.6657124
4,3.8495967
1,5.2918673
4,4.104406
3,4.245619
2,1.834199
5,2.9634123
1,1.0953362
5,4.357649
2,2.9835446
5,4.075974
4,3.9492822
3,3.1229029
2,2.812296
2,6.4625144
2,1.9715263
1,3.9635496
4,3.9330583
13,12.865919
2,2.0766327
5,3.6767287
1,1.1511936
5,4.8980336
4,4.3498025
33,33.528774
2,2.6014986
5,4.702408
26,25.102808
3,2.8211365
5,4.826192
5,4.283062
3,1.0029584
1,0.8997543
2,4.6835275
2,5.2527924
3,3.0411985
3,6.477716
3,3.5774097
5,4.736135
2,4.4161477
4,4.033771
2,3.126416
5,8.168016
4,5.66546
3,6.0840774
5,3.9346702
4,4.020204
4,4.1854057
3,3.0468342
1,4.3394914
5,3.3898838
4,5.9936757
9,6.531972
2,1.7782058
3,2.9932618
2,1.9719386
2,2.1465497
4,4.305049
3,11.3521595
3,2.962053
5,4.0016475
1,2.295901
4,5.9198513
2,2.0297747
5,4.82001
2,1.935459
4,4.3650126
5,4.804194
3,2.9131997
4,3.6829321
1,1.2685169
1,3.9960525
5,5.094851
3,3.1444614
4,2.4910433
3,4.20889
3,3.0542297
3,7.375065
3,7.589938
17,13.555364
1,1.0168887
2,1.9995944
4,3.757748
2,7.7746053
3,5.5487757
1,3.8703296
5,2.57372
2,2.1625316
3,3.1045356
5,4.7519784
1,1.9059163
2,1.8905214
5,4.678418
5,4.6091537
4,4.1115603
3,2.8960752
2,2.0431764
3,3.0093422
2,1.9730906
1,1.1229155
4,3.9381588
5,5.0519443
5,2.9592106
5,5.2773957
1,1.0864291
4,3.9090686
3,4.0530944
4,4.0388646
2,1.9893255
5,3.414728
4,4.5449615
3,2.8318517
2,3.4886026
2,4.7105885
2,1.5880469
2,2.3300676
1,2.75134
2,3.4821954
2,5.354654
2,1.6527497
3,4.5120974
3,3.4907804
1,4.5855913
4,3.8470263
3,10.802041
5,7.458354
2,2.7470813
1,3.0539033
2,1.9910182
3,4.237492
1,4.9681964
1,5.6863256
5,4.876871
1,2.9250615
4,4.236725
3,3.1274066
2,1.8036362
3,3.1451874
2,2.1450005
1,0.9700578
2,2.7979095
1,3.2292693
1,0.95069814
1,5.9554925
2,5.9258447
2,1.9153892
5,5.69985
1,0.86031187
4,3.9007125
4,3.7994251
19,19.265768
2,4.734651
1,3.8635588
3,6.3043947
2,2.2073054
19,20.06231
3,3.3986955
1,2.8472252
5,4.6820235
2,2.0836558
26,25.000055
1,1.0632473
4,5.3382134
38,3.4752538
5,5.01949
2,2.199583
13,4.069821
3,4.9040885
1,1.31576
3,2.892486
1,1.0346535
2,2.0437112
5,4.8097997
3,3.1292455
1,5.481943
1,0.9899237
2,4.03859
3,5.7559986
28,28.06374
2,4.7000494
1,3.8099327
5,3.1284573
3,3.306194
4,3.898382
2,2.4245696
2,1.8910416
5,4.9354806
3,2.9111757
2,3.119867
4,3.852771
2,4.3252106
3,2.9896095
12,12.379857
3,3.0254927
2,1.7984003
1,1.2157977
2,2.104346
5,4.499838
1,5.018152
2,3.3449366
2,2.0906277
3,2.9798286
1,5.0725193
3,2.9170773
3,3.0854523
5,2.5920353
3,2.9924648
4,3.9304945
4,3.901799
3,2.993674
1,1.2124573
1,4.5759974
5,4.721408
4,3.8765018
22,3.9868174
1,1.1191756
4,4.611609
4,3.644448
1,0.8366183
5,4.9250026
9,8.75784
1,0.9582041
36,4.4069347
2,1.8258286
1,3.9479606
38,39.077835
2,1.933094
4,5.5110874
2,1.8788762
3,3.0013442
5,4.830697
4,2.969406
4,3.7056937
1,5.835358
2,4.7243376
4,5.599834
2,5.8512516
3,3.7705865
5,2.9901812
3,2.9856489
1,0.6633215
3,2.8301823
5,4.1187124
4,3.8805432
2,1.9765525
1,3.928611
2,4.415392
4,4.0275893
4,4.1390343
5,4.312334
5,4.745809
3,3.831261
1,1.1911299
5,5.34562
5,3.4573543
2,1.9208074
5,5.083947
2,1.8199141
2,7.797843
3,4.246927
1,1.2268517
4,3.6731124
5,4.752421
5,4.894849
2,1.3601891
2,2.8799586
2,6.6912684
2,2.1190739
3,3.0476646
3,3.0112412
2,3.7996855
3,5.0829096
2,3.1736012
4,3.7383761
2,1.8146977
5,5.299363
1,3.0546029
3,2.8908255
2,4.5834317
2,2.0592508
1,7.330717
3,5.629616
4,3.7932389
2,1.8117429
2,2.8539493
5,5.00268
4,4.8339458
1,0.9781027
2,4.3906074
2,3.3416817
4,6.765834
1,3.3222332
3,3.5252602
2,4.245926
4,4.6061254
2,1.7456185
15,14.949767
3,4.395677
5,4.4020653
3,5.17218
1,5.074024
1,1.086168
4,4.4478846
3,3.8510418
4,3.6623666
5,4.8612437
3,13.02957
3,7.8031254
1,0.9503338
3,2.9663873
5,4.487322
3,3.280619
1,1.1215085
1,2.9912307
1,0.99422663
5,4.9960427
5,4.7160854
5,5.0974135
5,3.731892
1,6.5382514
9,8.816675
1,1.623549
33,32.5109
1,3.3974633
4,2.8939395
2,3.4959078
1,1.0704448
2,4.051892
4,2.893865
1,4.402347
1,5.8382335
1,4.188873
5,4.347709
2,1.7981457
2,6.0843472
2,1.9596883
5,4.754614
3,3.0815365
2,1.4291868
4,4.801889
24,25.73823
2,1.9434277
3,3.6978753
5,4.718776
4,3.9696474
5,5.2449784
2,2.0849898
5,5.5861354
2,2.1740558
30,3.5105517
4,3.604319
5,4.69992
30,2.971977
3,2.90152
4,3.9070022
2,4.6650414
21,3.765085
1,5.130494
19,4.16844
3,2.6628957
26,4.214491
3,2.8117988
4,7.105083
2,4.8327475
1,1.3285626
22,4.2128057
4,5.8340816
1,0.88761634
1,13.745121
2,2.002068
1,1.2061675
4,4.6992745
3,3.0834706
1,1.0697302
4,3.866832
2,4.185929
4,4.947161
2,4.0869412
4,11.366083
5,6.023111
2,7.0059214
3,1.7984227
2,2.2307937
3,2.9407668
5,6.0146074
1,7.97011
11,10.125557
1,1.1019012
1,3.5517197
4,3.8227885
1,0.9610353
2,1.9409913
1,3.0546777
2,2.2524195
4,4.3318934
2,1.9275978
2,2.0043492
3,3.888306
3,2.1972778
1,4.9635663
3,3.9945307
5,4.881952
22,21.828588
3,5.0815673
38,38.51664
2,1.7953696
1,1.3082045
2,1.8650908
1,1.1636958
4,4.1698833
3,3.1998892
3,3.5572393
1,0.897052
5,4.87669
4,4.004109
2,3.0196054
3,2.8991444
2,3.2358313
4,4.9806404
3,3.5172644
3,3.1656687
2,2.1331916
2,2.3785558
3,2.7733064
34,6.681367
29,30.059923
1,1.4084493
4,4.505978
1,5.8208456
13,12.794997
2,1.9120607
4,3.7370803
2,2.8673165
2,4.891551
5,3.742174
2,1.8839705
2,1.9210279
1,3.985262
3,3.5468361
1,1.0132142
34,35.026466
1,0.9390921
4,3.589588
8,5.1243577
14,2.6419744
1,4.2142878
3,3.5330598
1,3.8971672
3,2.9235911
1,0.7905109
1,1.1766537
3,3.1237524
3,3.1388764
1,4.460031
4,3.6500463
5,4.9404655
5,5.1402864
2,2.4391806
4,4.0920463
3,2.9174602
1,0.96665686
1,1.4522132
5,4.700039
2,1.3299881
1,13.237349
1,1.012832
5,4.5474534
3,3.1913865
22,21.876913
1,4.1239867
3,3.2765126
3,2.9933014
3,2.8741925
1,5.700551
1,4.9269176
5,3.3833663
4,4.7208347
1,4.423448
4,4.248423
3,5.5023265
1,3.6791635
4,3.9404724
1,1.0254989
1,1.0491097
5,2.6041148
4,3.170386
3,13.063939
2,6.049122
3,9.13578
4,3.9162276
1,1.1406476
1,1.2107962
4,3.648698
2,5.113604
1,4.63476
2,4.2329383
1,4.2254868
3,2.791219
5,3.4145067
3,2.9584079
1,3.760977
4,3.6233218
32,30.956226
3,2.854048
3,2.9782317
4,3.1107953
4,4.516896
4,4.703463
3,2.6367395
3,3.3406441
1,3.4006083
4,3.2940266
4,4.2602696
2,2.181049
3,3.032425
5,4.1656055
1,1.1783096
3,3.1579845
5,4.546678
3,3.5833857
2,4.5291953
1,0.93016523
5,3.44209
5,4.8410134
3,3.9128473
3,2.9522367
3,4.7873745
5,9.3201275
1,5.878412
1,0.9587561
2,2.208535
4,2.8817413
5,4.844013
3,2.1487172
4,3.5536716
1,4.3151035
4,6.109289
2,1.8443655
1,1.0357853
2,3.8661938
2,2.0653148
1,0.9174947
2,1.8049631
1,1.1305455
29,5.277672
2,2.4496653
3,3.4849575
1,1.0203493
5,4.8314304
1,3.7320309
3,3.3452976
40,7.1822734
2,1.6282169
5,5.0031204
5,4.9832506
5,4.8859444
5,5.967674
5,4.8765597
5,5.913685
4,6.1566463
5,5.059169
1,1.2695115
3,5.7048783
25,4.422132
16,15.771942
1,4.5787
1,1.934792
38,9.438888
3,4.104027
3,4.6290474
3,3.0416865
5,6.1468205
2,3.84196
1,4.0513167
2,6.1143994
1,3.9036603
3,3.951609
2,2.9848201
1,2.5917704
5,5.841968
3,2.7061203
5,4.968296
2,2.2077405
1,0.8850165
1,3.34281
3,3.1303713
40,12.184184
1,3.2247941
4,4.1341414
3,3.2943377
1,1.1548527
2,2.1134446
3,3.8110683
3,2.926904
5,4.0467525
2,5.0821214
3,2.8443
3,4.678457
1,1.3169258
4,4.262211
3,5.4491825
5,4.7179494
5,4.1511917
27,30.50154
26,24.847513
5,4.576932
3,4.163183
4,3.9562936
1,8.63278
4,3.0754788
2,1.8077618
1,1.1258364
3,3.199273
3,2.8687253
5,4.924162
36,35.71889
4,4.0442033
4,3.9443347
5,4.7594376
1,3.5270736
5,4.533551
3,3.8838904
3,3.2191844
3,3.1371012
5,4.7255087
5,3.9496226
3,2.8014946
1,1.0010569
4,3.9620154
3,3.0196865
4,4.6349177
1,3.5794497
2,2.1410706
5,3.0860507
4,3.978392
2,1.7629509
3,4.9787846
3,6.875734
1,1.0650696
3,3.078354
5,5.1032352
3,2.8761337
4,3.8689198
2,2.6303222
5,4.9392557
3,2.8375926
2,1.978795
25,27.325874
27,28.854736
5,4.9639196
2,1.9577904
4,4.0323486
1,1.1951532
5,3.4289696
5,4.960018
3,4.2190504
14,3.833327
3,2.799291
5,3.920795
1,1.8758439
2,2.3684475
2,5.016291
3,8.536518
4,3.531261
5,1.6838347
5,4.823184
4,3.92535
3,3.3508208
16,15.041346
2,3.5670078
2,3.0035362
1,1.1097806
3,2.9924033
5,5.2577834
1,1.0415037
4,2.9890518
1,5.7441998
4,4.171347
5,4.615946
2,1.6969118
2,4.660811
2,1.7428548
3,3.0880883
4,3.6648474
3,2.8067343
4,3.718055
1,5.643659
1,1.3215703
1,1.8438271
5,4.639005
3,2.927081
1,3.8171034
4,3.0957966
4,4.1078234
3,3.165883
2,4.0367174
3,3.4932454
3,3.277382
2,5.9230947
1,0.8789889
5,5.2640815
2,5.0308
4,4.4314013
4,4.789872
1,0.8977692
5,5.595065
3,1.7318743
5,4.924957
2,2.1539302
4,4.8287516
1,0.8614564
2,4.2691183
16,3.604436
3,2.8900247
21,26.432566
3,2.3873253
1,1.0416261
3,3.2730787
22,21.368542
1,0.8993091
3,3.8946395
2,1.9603221
5,4.75765
5,6.007654
4,3.5913522
1,3.6580658
11,6.1229115
5,4.6126256
13,4.608156
2,5.466682
4,3.8079967
2,3.7607172
1,1.0353082
1,1.2131227
2,1.5145652
4,3.7752295
4,3.7790146
5,4.7600226
3,5.691054
4,3.0292897
1,0.7168801
3,2.945551
21,3.2132554
1,0.9222656
5,4.8575826
5,4.689485
2,1.9662106
38,42.296833
1,1.1776304
1,1.1017802
5,4.6482754
4,4.137998
15,15.186685
5,3.336918
4,3.9839973
2,2.405843
14,13.871992
5,4.6368876
2,1.8411828
5,4.611535
2,5.2888684
5,5.0677104
5,4.8984613
1,3.9899852
2,4.023761
2,2.0954359
1,5.2746596
1,1.0408098
2,3.166407
34,2.0864098
3,3.2850008
4,3.8681567
31,30.60461
5,5.3477407
3,4.7915163
5,5.04877
2,1.9776558
2,4.91853
5,3.3549945
3,5.5907354
3,2.8706074
2,4.222911
1,14.330645
4,3.9495585
4,4.028933
2,5.4402843
22,3.1577475
4,3.9140124
3,2.9324408
3,5.6494203
15,3.452221
4,3.635792
2,5.4304647
2,2.9783664
1,5.7831817
4,3.4707437
1,0.8498703
3,1.4354501
4,3.8216703
2,5.430184
2,1.8578255
5,4.790106
4,3.7418714
1,3.6572154
3,3.5918357
5,4.6530557
2,2.0099385
5,4.2723165
1,3.7567506
3,3.4330263
32,29.207397
5,3.8515441
2,1.8045609
3,6.0251575
4,4.4597583
5,4.779092
1,1.0448893
10,9.937669
1,0.9080581
1,0.8009584
2,1.8047602
2,1.7696178
5,4.76828
1,3.3141534
2,6.3714166
2,2.1197376
5,4.5947785
1,1.1129128
4,6.4717903
5,4.792859
3,3.1088138
3,3.888953
3,3.8826385
2,1.7922939
1,1.061262
1,0.48715034
40,39.68725
3,3.8059413
1,0.8221706
2,2.1123128
1,3.531597
4,4.204274
1,3.8542511
5,4.809036
2,5.9674745
28,27.808243
3,6.1120667
5,4.7737556
4,5.167066
38,37.71099
2,2.766051
3,2.727095
2,2.1633198
1,0.8333484
2,2.0817194
4,3.6949553
4,2.9977195
3,3.898608
3,3.2050605
3,3.7935736
4,4.6674633
4,3.669655
2,2.2240157
4,4.1700563
5,4.948367
4,3.3891966
5,3.3389025
3,6.0044727
3,2.538486
4,5.052874
5,5.0679064
1,0.9305568
1,1.3688363
15,14.641206
3,3.6399286
4,4.137347
1,3.827865
3,3.0011237
3,3.427566
3,2.8440235
1,1.2008429
2,3.5271327
2,1.7191685
4,4.5425105
5,3.4388494
2,1.9888048
1,5.343175
4,5.0472393
2,1.815938
4,3.943133
2,2.0701573
5,10.844668
5,4.8599234
29,4.5148234
3,2.9637444
2,3.8928134
3,3.3171291
3,3.326542
2,2.006073
1,4.5708156
4,6.847219
1,1.137101
2,1.9556351
5,5.0400295
4,3.0680997
4,3.812352
1,0.92471004
5,5.1829777
3,7.0563583
1,4.7664757
3,3.1773028
2,4.0765753
5,4.7289653
1,1.4358737
3,2.9309185
4,3.9183307
2,3.0882432
3,5.3710804
2,1.8595251
1,0.8180228
3,2.7713568
3,4.161835
5,4.905611
14,2.7934635
2,2.031781
3,3.0285604
3,3.264601
4,4.028243
4,4.7601004
4,3.910342
2,2.0853531
17,3.0148766
3,2.9426565
1,0.72332215
4,4.8127947
4,3.8084414
3,3.412229
2,1.695244
1,4.010254
5,4.717566
3,3.4582117
1,2.8655095
1,4.09112
1,6.220193
2,3.8066435
4,3.9702384
15,14.922735
5,4.796054
4,4.39338
3,2.888979
3,2.855971
2,5.0994062
1,2.216336
3,2.9444427
2,3.482199
4,4.045602
3,3.950964
4,5.2282195
3,5.3692193
3,4.5221014
2,1.8437226
4,1.9629984
5,4.050232
3,2.8207774
1,1.3462027
4,3.9381692
2,2.3312984
4,3.892203
3,3.4982438
4,3.9357197
1,0.9987941
5,4.476091
36,5.957377
23,22.552143
1,5.06255
15,13.964775
4,5.7021613
4,8.456811
3,3.0000288
3,6.0372653
1,3.1558063
2,3.8235083
2,2.0138326
2,4.666414
2,3.1581511
2,2.5583699
5,4.6785946
11,7.6358905
1,1.4166613
11,5.7536783
1,3.589155
35,44.940006
1,0.74799854
1,0.8668176
3,4.019467
4,3.3869495
4,3.15396
1,0.75146544
1,1.1457893
2,2.8598387
1,1.0139263
13,12.875846
1,4.139146
4,3.8205
2,3.0111141
3,1.7259169
1,0.98559743
4,4.032096
2,1.6336225
3,3.601632
2,3.9516516
2,2.7604709
5,3.858775
3,3.0782354
2,1.6803867
2,2.2837458
2,1.823587
4,3.7637668
5,6.012346
3,2.9543793
2,2.0527802
1,6.794288
4,3.9603195
3,2.377083
4,9.48671
4,1.7261503
4,3.4899998
3,3.093855
5,7.1112123
2,4.6393485
4,2.8133538
3,5.556911
3,2.9856942
5,2.4687996
2,5.232834
4,7.425411
2,6.7984247
2,2.155271
3,5.8955274
5,5.063187
2,3.2954526
4,5.1310034
4,3.8423572
5,4.50973
5,4.5002623
2,4.0112014
1,1.166437
2,2.6543229
4,2.7949846
3,2.9697437
2,2.4710474
15,2.1421313
3,4.4066463
3,2.844053
38,2.7143607
2,1.847761
2,2.034932
5,4.964901
1,3.669281
5,5.396222
5,2.058928
5,4.6965013
4,2.5215898
3,3.1940224
2,5.9435606
1,2.8607404
3,5.439123
1,1.180921
4,4.880608
2,2.7802434
1,5.5266094
10,4.1094265
4,4.1376076
36,42.231094
2,3.2196038
5,2.830811
1,6.0732517
1,0.8678952
5,4.576023
3,3.138686
17,17.209734
2,1.9934518
38,46.849895
1,1.0693811
3,2.8756752
2,1.3893765
4,3.881286
2,2.1597698
5,4.308024
2,2.0584888
1,4.4509478
3,3.0028272
5,5.083045
4,2.8209858
14,4.4063783
4,4.066172
3,4.616989
4,3.9515517
2,2.0844104
5,3.8240807
4,3.614523
1,4.7234383
5,5.3923182
1,0.85954434
4,3.9100323
1,1.4736922
31,4.5325866
2,1.8315041
2,1.9033695
4,5.788681
4,3.9599378
1,0.91055655
3,3.8379533
2,4.721158
1,0.9364114
4,11.061066
5,4.663622
1,1.3454777
5,4.521469
5,4.89339
2,1.7886381
5,4.8526196
4,0.978249
8,8.231957
2,2.899034
2,1.7696391
5,3.9517171
1,1.0956798
1,3.8037267
2,2.0456314
5,4.698184
1,5.1298933
5,5.995893
4,4.5735283
2,1.9857228
32,4.6747904
1,0.94346315
5,4.7626452
4,3.9034119
5,4.5503793
2,1.9778824
1,1.0961498
4,4.022736
5,4.728612
3,2.9831805
2,4.1571336
5,4.813743
2,3.3313715
3,3.0799427
2,12.584987
1,1.0508435
4,4.7642145
2,3.7564917
3,3.0416903
4,5.000338
2,5.5763216
5,4.9941278
2,2.5066266
1,4.42722
5,2.870475
1,5.361265
4,3.9099693
4,5.5005455
1,4.0601654
2,1.8466598
2,3.2509816
9,5.8696504
3,2.7749996
4,4.1800103
4,4.0107155
4,4.229478
12,4.644538
5,4.625886
5,5.3227887
3,2.9096098
3,3.083323
4,3.8732407
1,5.096026
4,3.9070802
1,5.0036244
2,1.9746106
3,6.7001977
2,3.032447
3,3.1815374
4,3.8326957
4,3.9721537
2,2.0324779
5,5.3344593
2,5.432831
21,22.483616
17,3.740924
3,2.8455484
3,2.7763093
5,4.6980367
2,2.1598895
5,4.755547
1,7.2213244
1,0.97523224
2,5.1027136
4,3.8127663
1,5.814238
1,0.9791801
3,3.20712
1,3.4533901
1,1.0414004
1,1.6030931
1,2.1121094
5,4.701316
28,27.79438
5,4.84856
26,26.221539
1,1.0770293
5,5.500144
4,4.269667
5,4.986127
37,39.46504
1,1.1904426
5,2.963856
2,1.7811185
2,3.1611316
34,4.949384
5,6.3239474
3,2.8653815
2,5.0984883
1,1.0417842
4,3.0255466
3,2.8708017
5,2.5918458
3,2.9794612
3,2.2264512
4,5.8578377
5,4.750416
2,2.5858636
3,6.1128917
3,3.02527
26,25.82772
2,2.9944956
2,1.6615133
3,3.0668964
4,7.2758856
3,4.4047065
32,14.579625
3,3.1512144
4,4.646429
3,4.5533037
5,5.178059
5,5.3499207
1,2.8477647
25,20.024881
2,2.7973297
3,3.1642733
4,1.984299
3,4.041748
4,3.900216
2,2.3912683
2,2.9774299
1,1.0637254
3,4.7734303
4,3.760883
32,31.913343
2,1.550413
2,2.129207
3,3.0067232
38,37.278603
1,3.262968
4,2.4915242
2,2.1411905
4,3.3772016
2,1.887352
23,7.152236
5,5.142934
23,22.869911
4,4.128466
2,13.021989
4,4.0228896
2,1.8822994
1,4.0126143
4,4.5362506
3,4.006965
2,2.619643
1,1.0716418
4,4.1597166
2,3.0919561
2,2.1994522
3,1.1738703
35,34.927673
1,1.3623772
1,1.0384492
1,1.2472993
5,3.9888797
1,0.83694583
2,4.611663
5,3.418628
2,9.322967
11,4.5438085
2,2.77685
1,0.98234165
2,2.0595138
5,13.609179
4,2.9565766
5,4.83897
5,3.3411849
5,3.97994
2,2.818629
3,3.3181152
5,4.8486156
1,1.2090118
5,5.029533
3,4.047994
5,4.554985
2,2.2119465
1,1.0045238
4,3.281432
3,1.8221908
3,3.363621
3,2.9545887
3,1.0767562
1,1.0767158
3,4.621793
2,1.791153
2,5.992827
3,3.0261364
5,6.018629
3,2.9501684
3,2.9641623
3,4.7976513
1,0.8678134
3,2.9156752
2,1.6463165
3,2.9552474
4,3.8588274
3,2.2724972
2,5.9931483
3,4.124129
1,1.2892895
5,4.923627
39,41.97424
3,5.492316
5,5.430755
4,4.1385255
1,1.0828004
1,5.7695556
2,4.964304
3,3.3228748
2,3.0427084
1,1.0750494
4,4.32675
1,1.2415484
1,1.4376051
20,5.5502963
2,3.2409818
5,4.8519354
3,2.8407948
2,1.9080169
1,4.7497954
15,13.38988
1,1.494039
25,20.139856
3,3.0134425
2,2.0006933
1,0.9049989
3,5.6149387
4,1.8369035
2,1.8739642
3,1.9594607
4,7.99654
1,0.8620334
5,5.102052
4,4.522046
5,5.119919
1,7.181107
2,1.9268696
1,3.541438
1,4.083402
5,2.2258737
1,3.9687524
1,0.9063842
2,4.2403903
1,0.86820185
2,1.9844922
2,1.9048275
1,1.0485467
3,2.9467976
4,4.690375
2,2.5696406
4,4.401914
2,1.8853958
4,4.167286
5,4.8311567
1,1.1866186
2,2.0428534
1,0.8007994
2,2.3737762
3,3.1731188
5,4.8212786
1,4.4392786
8,9.308171
3,3.4748607
1,3.5562813
2,1.5233128
2,2.618234
1,1.210711
4,4.4215546
5,3.455363
1,5.9431887
4,3.85615
3,3.017334
3,2.7493603
4,4.366472
3,2.8248441
2,1.9884793
2,1.9742948
4,4.3888974
2,2.1387174
1,1.133775
3,5.049202
3,3.169168
5,4.7193074
36,35.38231
3,4.7424994
1,1.0575236
5,4.682761
2,1.9433066
5,3.5072472
1,1.2201315
2,2.2841532
5,4.9725037
13,3.9242098
2,3.7040355
2,1.7667719
23,24.24426
1,1.1115808
1,1.4148788
2,2.9774082
2,2.4355392
5,4.071482
5,4.495217
3,3.0421495
14,14.565183
1,4.329956
2,1.7611827
5,4.9213715
3,3.1512153
5,6.082866
4,4.3018723
5,3.593143
3,3.4542274
12,3.774113
26,26.4403
23,22.76888
4,6.3193765
4,3.9335907
5,4.8136506
5,2.9038572
1,0.8738368
4,3.9803317
2,3.9323409
1,1.1907928
4,4.199312
3,4.0008807
5,3.3145018
3,2.9601743
3,5.429466
1,1.1753522
20,20.999996
3,3.257213
2,2.5484557
2,5.764535
4,3.703871
1,1.5327486
14,3.195755
3,2.9813232
3,3.2893164
23,22.797941
1,0.9840914
5,4.7296615
4,4.595913
1,3.791159
2,1.7237542
1,4.1007924
4,3.9576037
1,3.2742956
2,2.072073
4,4.355715
4,3.8215287
35,35.34613
4,3.9129376
2,5.7766714
1,4.812205
2,2.1021218
3,4.1435275
2,3.055611
3,3.7032268
2,2.3282726
5,4.638924
2,12.02135
2,1.8312062
1,4.9357905
37,38.48876
4,3.9455807
5,5.0417743
3,4.1210628
5,4.687129
1,4.740666
5,4.797909
3,3.2738967
1,1.0362982
2,3.7962818
38,37.831177
3,2.586093
3,2.9333658
5,4.770589
14,14.010158
1,4.9162
1,1.1130006
1,5.8542814
1,3.8742476
2,4.2355533
5,2.4352179
1,4.556936
3,2.8065357
4,4.5005927
1,4.909492
13,5.532326
2,1.8599508
1,4.749577
2,2.2792258
4,3.6461897
3,3.5230575
1,1.0567893
2,3.631282
5,4.7525516
1,1.2209762
4,4.338277
3,3.0950658
4,3.962842
20,19.606506
3,2.987607
38,37.997932
2,5.640134
12,7.5067344
2,5.9548426
5,4.7845006
1,2.5290601
1,0.92082036
4,1.685873
1,9.64912
17,16.907028
4,6.194341
3,5.6295304
4,3.2496827
1,2.703326
4,3.8967159
2,4.275849
4,3.927857
2,3.7859702
2,2.2966523
1,1.3324921
15,3.278318
25,8.219823
3,2.8884645
4,4.613299
1,3.5497413
5,4.9548845
5,4.8100715
2,1.6772453
3,3.362879
3,6.043271
3,2.834595
3,3.2813537
33,4.2654734
4,3.829307
1,1.1721486
1,1.0270325
5,6.617812
34,4.8491893
2,1.850905
2,3.5993645
4,3.6345408
